MatchID,InningsNo,BattingTeamID,TeamName,BatsManName,BowlerName,BowlerType,OverNo,BallNo,Runs,BallRuns,ActualRuns,IsOne,IsTwo,IsThree,IsDotball,Extras,IsWide,IsNoBall,IsBye,IsLegBye,IsFour,IsSix,IsWicket,WicketType,Wickets,IsBowlerWicket,BallName,Day,SESSION_NO,IsExtra,SNO,Xpitch,Ypitch,RunRuns,IsMaiden,OverImage,BowlTypeID,BowlTypeName,ShotTypeID,ShotType,IsBouncer,IsFreeHit,BallCount,BCCheck,TotalRuns,TotalWickets,BOWLING_LINE_ID,BOWLING_LENGTH_ID,FiveHaul,Flag,FlagSet,PenaltyRuns,IsFifty,IsHundred,IsTwoHundred,IsHattrick,release_speed,initial_angle,release_x,release_y,release_z,pre_bounce_ax,pre_bounce_ay,pre_bounce_az,pre_bounce_vx,pre_bounce_vy,pre_bounce_vz,bounce_angle,cof,cor,pbr,shot_attacked,shot_played,shot_info,crease_reaction_time,interception_reaction_time,bounce_x,bounce_y,post_bounce_ax,post_bounce_ay,post_bounce_az,post_bounce_vx,post_bounce_vy,post_bounce_vz,impact_x,impact_y,impact_z,crease_x,crease_y,crease_z,drop_angle,stump_x,stump_y,stump_z,swing,deviation,swing_dist,six_dist,ground,date,season,striker_hand,non_striker_hand,bowler_hand,team_bat,team_bowl,delivery_type,match_day
1170,1,9,Afghanistan,Rahmanullah Gurbaz,Arshdeep Singh,,1,1,0,0,0,0,0,0,1,0,0,0,0,0,0,0,0,,,0,0.1,1,1,0,409441,,,0,0,,30,ANGLED ACROSS,105,LEFT ALONE,0,0,1,0,0,0,Outside Off stump,Short of Good Length,1,0,0,0,0,0,0,0,,,,,,,,,,,,,,,,,,,,,,,,,,,,,,,,,,,,,,,,,,,,,,,,,,,,
1170,1,9,Afghanistan,Rahmanullah Gurbaz,Arshdeep Singh,,1,2,0,0,0,0,0,0,1,0,0,0,0,0,0,0,0,,,0,0.2,1,1,0,409442,49.88,36.96,0,0,,41,INSWINGER,40,FRONTFOOT FLICK,0,0,2,0,0,0,Off stump,Full Length,0,0,0,0,0,0,0,0,,,,,,,,,,,,,,,,,,,,,,,,,,,,,,,,,,,,,,,,,,,,,,,,,,,,
1170,1,9,Afghanistan,Rahmanullah Gurbaz,Arshdeep Singh,,1,3,0,0,0,0,0,0,1,0,0,0,0,0,0,0,0,,,0,0.3,1,1,0,409443,49.88,36.96,0,0,,30,ANGLED ACROSS,97,BACKFOOT PUSH,0,0,3,0,0,0,Outside Off stump,Short of Good Length,0,0,0,0,0,0,0,0,,,,,,,,,,,,,,,,,,,,,,,,,,,,,,,,,,,,,,,,,,,,,,,,,,,,
1170,1,9,Afghanistan,Rahmanullah Gurbaz,Arshdeep Singh,,1,4,0,0,0,0,0,0,1,0,0,0,0,0,0,0,0,,,0,0.4,1,1,0,409444,-44.51,37.88,0,0,,38,STRAIGHT BALL,49,FORWARD DEFENCE,0,0,4,0,0,0,Leg stump,Good Length,0,0,0,0,0,0,0,0,,,,,,,,,,,,,,,,,,,,,,,,,,,,,,,,,,,,,,,,,,,,,,,,,,,,
1170,1,9,Afghanistan,Rahmanullah Gurbaz,Arshdeep Singh,,1,5,0,0,0,0,0,0,1,0,0,0,0,0,0,0,0,,,0,0.5,1,1,0,409445,-44.51,37.88,0,0,,38,STRAIGHT BALL,105,LEFT ALONE,0,0,5,0,0,0,Outside Leg stump,Short Length,0,0,0,0,0,0,0,0,,,,,,,,,,,,,,,,,,,,,,,,,,,,,,,,,,,,,,,,,,,,,,,,,,,,
1170,1,9,Afghanistan,Rahmanullah Gurbaz,Arshdeep Singh,,1,6,0,0,0,0,0,0,1,0,0,0,0,0,0,0,0,,,0,0.6,1,1,0,409446,46.2,35.12,0,0,,41,INSWINGER,27,FORWARD PUSH,0,0,6,0,0,0,Leg stump,Yorker,0,0,0,0,0,0,0,0,,,,,,,,,,,,,,,,,,,,,,,,,,,,,,,,,,,,,,,,,,,,,,,,,,,,
1170,1,9,Afghanistan,Ibrahim Zadran,Mukesh Kumar,,2,1,0,0,0,0,0,0,1,0,0,0,0,0,0,0,0,,,0,1.1,1,1,0,409447,-77.2,-22.43,0,0,,38,STRAIGHT BALL,16,BACKFOOT SQUARE DRIVE,0,0,1,1,0,0,Outside Off stump,Short of Good Length,1,0,0,0,0,0,0,0,,,,,,,,,,,,,,,,,,,,,,,,,,,,,,,,,,,,,,,,,,,,,,,,,,,,
1170,1,9,Afghanistan,Ibrahim Zadran,Mukesh Kumar,,2,2,1,1,1,1,0,0,0,0,0,0,0,0,0,0,0,,,0,1.2,1,1,0,409448,47.58,97.28,1,0,,38,STRAIGHT BALL,47,FRONTFOOT ON DRIVE,0,0,2,1,1,0,Outside Off stump,Full Length,0,0,0,0,0,0,0,0,,,,,,,,,,,,,,,,,,,,,,,,,,,,,,,,,,,,,,,,,,,,,,,,,,,,
1170,1,9,Afghanistan,Rahmanullah Gurbaz,Mukesh Kumar,,2,3,0,0,0,0,0,0,1,0,0,0,0,0,0,0,0,,,0,1.3,1,1,0,409449,-55.1,-8.62,0,0,,38,STRAIGHT BALL,97,BACKFOOT PUSH,0,0,3,1,1,0,Outside Off stump,Short of Good Length,0,0,0,0,0,0,0,0,,,,,,,,,,,,,,,,,,,,,,,,,,,,,,,,,,,,,,,,,,,,,,,,,,,,
1170,1,9,Afghanistan,Rahmanullah Gurbaz,Mukesh Kumar,,2,4,4,4,4,0,0,0,0,0,0,0,0,0,1,0,0,,,0,1.4,1,1,0,409450,135.52,151.15,4,0,,38,STRAIGHT BALL,47,FRONTFOOT ON DRIVE,0,0,4,1,5,0,Outside Off stump,Full Length,0,0,0,0,0,0,0,0,,,,,,,,,,,,,,,,,,,,,,,,,,,,,,,,,,,,,,,,,,,,,,,,,,,,
1170,1,9,Afghanistan,Rahmanullah Gurbaz,Mukesh Kumar,,2,5,1,1,1,1,0,0,0,0,0,0,0,0,0,0,0,,,0,1.5,1,1,0,409451,133.68,-38.55,1,0,,38,STRAIGHT BALL,58,BACKFOOT PULL SHOT,0,0,5,1,6,0,Outside Off stump,Short of Good Length,0,0,0,0,0,0,0,0,,,,,,,,,,,,,,,,,,,,,,,,,,,,,,,,,,,,,,,,,,,,,,,,,,,,
1170,1,9,Afghanistan,Ibrahim Zadran,Mukesh Kumar,,2,6,0,0,0,0,0,0,1,0,0,0,0,0,0,0,0,,,0,1.6,1,1,0,409452,133.68,-38.55,0,0,,38,STRAIGHT BALL,52,BACKFOOT COVERDRIVE,0,0,6,1,6,0,Outside Off stump,Short of Good Length,0,0,0,0,0,0,0,0,,,,,,,,,,,,,,,,,,,,,,,,,,,,,,,,,,,,,,,,,,,,,,,,,,,,
1170,1,9,Afghanistan,Rahmanullah Gurbaz,Arshdeep Singh,,3,1,1 (WD),1,0,0,0,0,0,1,1,0,0,0,0,0,0,,,0,2.1,1,1,1,409453,133.68,-38.55,1,0,,38,STRAIGHT BALL,105,LEFT ALONE,0,0,1,2,7,0,Outside Leg stump,Good Length,1,0,0,0,0,0,0,0,,,,,,,,,,,,,,,,,,,,,,,,,,,,,,,,,,,,,,,,,,,,,,,,,,,,
1170,1,9,Afghanistan,Rahmanullah Gurbaz,Arshdeep Singh,,3,1,0,0,0,0,0,0,1,0,0,0,0,0,0,0,0,,,0,2.1,1,1,0,409454,-73.51,-14.6,0,0,,38,STRAIGHT BALL,97,BACKFOOT PUSH,0,0,2,2,7,0,Outside Leg stump,Short of Good Length,0,0,0,0,0,0,0,0,,,,,,,,,,,,,,,,,,,,,,,,,,,,,,,,,,,,,,,,,,,,,,,,,,,,
1170,1,9,Afghanistan,Rahmanullah Gurbaz,Arshdeep Singh,,3,2,4,4,4,0,0,0,0,0,0,0,0,0,1,0,0,,,0,2.2,1,1,0,409455,-66.15,-137.54,4,0,,38,STRAIGHT BALL,31,UPPER CUT,0,0,3,2,11,0,Outside Leg stump,Short Length,0,0,0,0,0,0,0,0,,,,,,,,,,,,,,,,,,,,,,,,,,,,,,,,,,,,,,,,,,,,,,,,,,,,
1170,1,9,Afghanistan,Rahmanullah Gurbaz,Arshdeep Singh,,3,3,1,1,1,1,0,0,0,0,0,0,0,0,0,0,0,,,0,2.3,1,1,0,409456,-38.06,21.31,1,0,,38,STRAIGHT BALL,97,BACKFOOT PUSH,0,0,4,2,12,0,Outside Leg stump,Short of Good Length,0,0,0,0,0,0,0,0,,,,,,,,,,,,,,,,,,,,,,,,,,,,,,,,,,,,,,,,,,,,,,,,,,,,
1170,1,9,Afghanistan,Ibrahim Zadran,Arshdeep Singh,,3,4,0,0,0,0,0,0,1,0,0,0,0,0,0,0,0,,,0,2.4,1,1,0,409457,-56.94,77.94,0,0,,38,STRAIGHT BALL,27,FORWARD PUSH,0,0,5,2,12,0,Outside Leg stump,Short of Good Length,0,0,0,0,0,0,0,0,,,,,,,,,,,,,,,,,,,,,,,,,,,,,,,,,,,,,,,,,,,,,,,,,,,,
1170,1,9,Afghanistan,Ibrahim Zadran,Arshdeep Singh,,3,5,1,1,1,1,0,0,0,0,0,0,0,0,0,0,0,,,0,2.5,1,1,0,409458,-45.43,91.76,1,0,,38,STRAIGHT BALL,5,LOFTED OFF DRIVE,0,0,6,2,13,0,Leg stump,Short of Good Length,0,0,0,0,0,0,0,0,,,,,,,,,,,,,,,,,,,,,,,,,,,,,,,,,,,,,,,,,,,,,,,,,,,,
1170,1,9,Afghanistan,Rahmanullah Gurbaz,Arshdeep Singh,,3,6,1,1,1,1,0,0,0,0,0,0,0,0,0,0,0,,,0,2.6,1,1,0,409459,60.93,35.12,1,0,,38,STRAIGHT BALL,27,FORWARD PUSH,0,0,7,2,14,0,Outside Leg stump,Good Length,0,0,0,0,0,0,0,0,,,,,,,,,,,,,,,,,,,,,,,,,,,,,,,,,,,,,,,,,,,,,,,,,,,,
1170,1,9,Afghanistan,Rahmanullah Gurbaz,Axar Patel,,4,1,1,1,1,1,0,0,0,0,0,0,0,0,0,0,0,,,0,3.1,1,1,0,409460,-56.48,-7.24,1,0,,10,ORTHODOX,97,BACKFOOT PUSH,0,0,1,3,15,0,Outside Off stump,Short of Good Length,1,0,0,0,0,0,0,0,,,,,,,,,,,,,,,,,,,,,,,,,,,,,,,,,,,,,,,,,,,,,,,,,,,,
1170,1,9,Afghanistan,Ibrahim Zadran,Axar Patel,,4,2,0,0,0,0,0,0,1,0,0,0,0,0,0,0,0,,,0,3.2,1,1,0,409461,-51.41,35.12,0,0,,10,ORTHODOX,51,FRONTFOOT COVERDRIVE,0,0,2,3,15,0,Off stump,Full Length,0,0,0,0,0,0,0,0,,,,,,,,,,,,,,,,,,,,,,,,,,,,,,,,,,,,,,,,,,,,,,,,,,,,
1170,1,9,Afghanistan,Ibrahim Zadran,Axar Patel,,4,3,0,0,0,0,0,0,1,0,0,0,0,0,0,0,0,,,0,3.3,1,1,0,409462,54.49,105.11,0,0,,10,ORTHODOX,101,BACKFOOT ON DRIVE,0,0,3,3,15,0,Outside Off stump,Short of Good Length,0,0,0,0,0,0,0,0,,,,,,,,,,,,,,,,,,,,,,,,,,,,,,,,,,,,,,,,,,,,,,,,,,,,
1170,1,9,Afghanistan,Ibrahim Zadran,Axar Patel,,4,4,4,4,4,0,0,0,0,0,0,0,0,0,1,0,0,,,0,3.4,1,1,0,409463,-164.68,-38.09,4,0,,10,ORTHODOX,36,CUT SHOT,0,0,4,3,19,0,Outside Off stump,Yorker,0,0,0,0,0,0,0,0,,,,,,,,,,,,,,,,,,,,,,,,,,,,,,,,,,,,,,,,,,,,,,,,,,,,
1170,1,9,Afghanistan,Ibrahim Zadran,Axar Patel,,4,5,2,2,2,0,1,0,0,0,0,0,0,0,0,0,0,,,0,3.5,1,1,0,409464,155.32,77.94,2,0,,10,ORTHODOX,58,BACKFOOT PULL SHOT,0,0,5,3,21,0,Outside Off stump,Short of Good Length,0,0,0,0,0,0,0,0,,,,,,,,,,,,,,,,,,,,,,,,,,,,,,,,,,,,,,,,,,,,,,,,,,,,
1170,1,9,Afghanistan,Ibrahim Zadran,Axar Patel,,4,6,0,0,0,0,0,0,1,0,0,0,0,0,0,0,0,,,0,3.6,1,1,0,409465,-6.29,56.76,0,0,,23,ARM BALL,27,FORWARD PUSH,0,0,6,3,21,0,Off stump,Full Length,0,0,0,0,0,0,0,0,,,,,,,,,,,,,,,,,,,,,,,,,,,,,,,,,,,,,,,,,,,,,,,,,,,,
1170,1,9,Afghanistan,Rahmanullah Gurbaz,Washington Sundar,,5,1,1,1,1,1,0,0,0,0,0,0,0,0,0,0,0,,,0,4.1,1,1,0,409466,57.71,100.96,1,0,,25,OFF SPIN,97,BACKFOOT PUSH,0,0,1,4,22,0,Outside Off stump,Short of Good Length,1,0,0,0,0,0,0,0,,,,,,,,,,,,,,,,,,,,,,,,,,,,,,,,,,,,,,,,,,,,,,,,,,,,
1170,1,9,Afghanistan,Ibrahim Zadran,Washington Sundar,,5,2,1,1,1,1,0,0,0,0,0,0,0,0,0,0,0,,,0,4.2,1,1,0,409467,-113.57,90.83,1,0,,25,OFF SPIN,51,FRONTFOOT COVERDRIVE,0,0,2,4,23,0,Outside Off stump,Full Length,0,0,0,0,0,0,0,0,,,,,,,,,,,,,,,,,,,,,,,,,,,,,,,,,,,,,,,,,,,,,,,,,,,,
1170,1,9,Afghanistan,Rahmanullah Gurbaz,Washington Sundar,,5,3,0,0,0,0,0,0,1,0,0,0,0,0,0,0,0,,,0,4.3,1,1,0,409468,36.07,8.88,0,0,,25,OFF SPIN,95,SLOG SWEEP,0,0,3,4,23,0,Outside Off stump,Full Length,0,0,0,0,0,0,0,0,,,,,,,,,,,,,,,,,,,,,,,,,,,,,,,,,,,,,,,,,,,,,,,,,,,,
1170,1,9,Afghanistan,Rahmanullah Gurbaz,Washington Sundar,,5,4,0,0,0,0,0,0,1,0,0,0,0,0,0,0,0,,,0,4.4,1,1,0,409469,-80.88,16.71,0,0,,25,OFF SPIN,36,CUT SHOT,0,0,4,4,23,0,Outside Off stump,Short of Good Length,0,0,0,0,0,0,0,0,,,,,,,,,,,,,,,,,,,,,,,,,,,,,,,,,,,,,,,,,,,,,,,,,,,,
1170,1,9,Afghanistan,Rahmanullah Gurbaz,Washington Sundar,,5,5,1 (LB),1,0,0,0,0,1,1,0,0,0,1,0,0,0,,,0,4.5,1,1,1,409470,-80.88,16.71,1,0,,25,OFF SPIN,27,FORWARD PUSH,0,0,5,4,24,0,Off stump,Full Length,0,0,0,0,0,0,0,0,,,,,,,,,,,,,,,,,,,,,,,,,,,,,,,,,,,,,,,,,,,,,,,,,,,,
1170,1,9,Afghanistan,Ibrahim Zadran,Washington Sundar,,5,6,1,1,1,1,0,0,0,0,0,0,0,0,0,0,0,,,0,4.6,1,1,0,409471,96.38,140.1,1,0,,25,OFF SPIN,101,BACKFOOT ON DRIVE,0,0,6,4,25,0,Middle stump,Short of Good Length,0,0,0,0,0,0,0,0,,,,,,,,,,,,,,,,,,,,,,,,,,,,,,,,,,,,,,,,,,,,,,,,,,,,
1170,1,9,Afghanistan,Ibrahim Zadran,Mukesh Kumar,,6,1,1,1,1,1,0,0,0,0,0,0,0,0,0,0,0,,,0,5.1,1,1,0,409472,-54.64,41.11,1,0,,38,STRAIGHT BALL,51,FRONTFOOT COVERDRIVE,0,0,1,5,26,0,Outside Off stump,Full Length,1,0,0,0,0,0,0,0,,,,,,,,,,,,,,,,,,,,,,,,,,,,,,,,,,,,,,,,,,,,,,,,,,,,
1170,1,9,Afghanistan,Rahmanullah Gurbaz,Mukesh Kumar,,6,2,1,1,1,1,0,0,0,0,0,0,0,0,0,0,0,,,0,5.2,1,1,0,409473,-65.69,24.53,1,0,,38,STRAIGHT BALL,97,BACKFOOT PUSH,0,0,2,5,27,0,Outside Off stump,Short of Good Length,0,0,0,0,0,0,0,0,,,,,,,,,,,,,,,,,,,,,,,,,,,,,,,,,,,,,,,,,,,,,,,,,,,,
1170,1,9,Afghanistan,Ibrahim Zadran,Mukesh Kumar,,6,3,0,0,0,0,0,0,1,0,0,0,0,0,0,0,0,,,0,5.3,1,1,0,409474,-65.69,24.53,0,0,,42,OUTSWINGER,5,LOFTED OFF DRIVE,0,0,3,5,27,0,Outside Off stump,Short of Good Length,0,0,0,0,0,0,0,0,,,,,,,,,,,,,,,,,,,,,,,,,,,,,,,,,,,,,,,,,,,,,,,,,,,,
1170,1,9,Afghanistan,Ibrahim Zadran,Mukesh Kumar,,6,4,1,1,1,1,0,0,0,0,0,0,0,0,0,0,0,,,0,5.4,1,1,0,409475,-46.81,27.29,1,0,,38,STRAIGHT BALL,58,BACKFOOT PULL SHOT,0,0,4,5,28,0,Outside Off stump,Short Length,0,0,0,0,0,0,0,0,,,,,,,,,,,,,,,,,,,,,,,,,,,,,,,,,,,,,,,,,,,,,,,,,,,,
1170,1,9,Afghanistan,Rahmanullah Gurbaz,Mukesh Kumar,,6,5,1,1,1,1,0,0,0,0,0,0,0,0,0,0,0,,,0,5.5,1,1,0,409476,-65.69,47.09,1,0,,38,STRAIGHT BALL,51,FRONTFOOT COVERDRIVE,0,0,5,5,29,0,Outside Off stump,Yorker,0,0,0,0,0,0,0,0,,,,,,,,,,,,,,,,,,,,,,,,,,,,,,,,,,,,,,,,,,,,,,,,,,,,
1170,1,9,Afghanistan,Ibrahim Zadran,Mukesh Kumar,,6,6,4,4,4,0,0,0,0,0,0,0,0,0,1,0,0,,,0,5.6,1,1,0,409477,-29.31,-145.37,4,0,,38,STRAIGHT BALL,31,UPPER CUT,0,0,6,5,33,0,Outside Off stump,Short Length,0,0,0,0,0,0,0,0,,,,,,,,,,,,,,,,,,,,,,,,,,,,,,,,,,,,,,,,,,,,,,,,,,,,
1170,1,9,Afghanistan,Rahmanullah Gurbaz,Washington Sundar,,7,1,1,1,1,1,0,0,0,0,0,0,0,0,0,0,0,,,0,6.1,1,1,0,409478,-130.61,-24.27,1,0,,25,OFF SPIN,11,LOFTED ON DRIVE,0,0,1,6,34,0,Outside Off stump,Full Length,1,0,0,0,0,0,0,0,,,,,,,,,,,,,,,,,,,,,,,,,,,,,,,,,,,,,,,,,,,,,,,,,,,,
1170,1,9,Afghanistan,Ibrahim Zadran,Washington Sundar,,7,2,1,1,1,1,0,0,0,0,0,0,0,0,0,0,0,,,0,6.2,1,1,0,409479,-64.77,95.9,1,0,,25,OFF SPIN,84,FRONTFOOT OFF DRIVE,0,0,2,6,35,0,Outside Off stump,Full Length,0,0,0,0,0,0,0,0,,,,,,,,,,,,,,,,,,,,,,,,,,,,,,,,,,,,,,,,,,,,,,,,,,,,
1170,1,9,Afghanistan,Rahmanullah Gurbaz,Washington Sundar,,7,3,1,1,1,1,0,0,0,0,0,0,0,0,0,0,0,,,0,6.3,1,1,0,409480,139.67,-36.24,1,0,,25,OFF SPIN,58,BACKFOOT PULL SHOT,0,0,3,6,36,0,Outside Off stump,Short of Good Length,0,0,0,0,0,0,0,0,,,,,,,,,,,,,,,,,,,,,,,,,,,,,,,,,,,,,,,,,,,,,,,,,,,,
1170,1,9,Afghanistan,Ibrahim Zadran,Washington Sundar,,7,4,6,6,6,0,0,0,0,0,0,0,0,0,0,1,0,,,0,6.4,1,1,0,409481,177.88,73.8,6,0,,25,OFF SPIN,11,LOFTED ON DRIVE,0,0,4,6,42,0,Leg stump,Full Length,0,0,0,0,0,0,0,0,,,,,,,,,,,,,,,,,,,,,,,,,,,,,,,,,,,,,,,,,,,,,,,,,,,,
1170,1,9,Afghanistan,Ibrahim Zadran,Washington Sundar,,7,5,0,0,0,0,0,0,1,0,0,0,0,0,0,0,0,,,0,6.5,1,1,0,409482,-77.2,38.81,0,0,,25,OFF SPIN,51,FRONTFOOT COVERDRIVE,0,0,5,6,42,0,Outside Off stump,Good Length,0,0,0,0,0,0,0,0,,,,,,,,,,,,,,,,,,,,,,,,,,,,,,,,,,,,,,,,,,,,,,,,,,,,
1170,1,9,Afghanistan,Ibrahim Zadran,Washington Sundar,,7,6,2,2,2,0,1,0,0,0,0,0,0,0,0,0,0,,,0,6.6,1,1,0,409483,129.08,12.56,2,0,,25,OFF SPIN,97,BACKFOOT PUSH,0,0,6,6,44,0,Outside Off stump,Short of Good Length,0,0,0,0,0,0,0,0,,,,,,,,,,,,,,,,,,,,,,,,,,,,,,,,,,,,,,,,,,,,,,,,,,,,
1170,1,9,Afghanistan,Rahmanullah Gurbaz,Axar Patel,,8,1,0,0,0,0,0,0,1,0,0,0,0,0,0,0,0,,,0,7.1,1,1,0,409484,6.6,62.29,0,0,,10,ORTHODOX,27,FORWARD PUSH,0,0,1,7,44,0,Off stump,Good Length,1,0,0,0,0,0,0,0,,,,,,,,,,,,,,,,,,,,,,,,,,,,,,,,,,,,,,,,,,,,,,,,,,,,
1170,1,9,Afghanistan,Rahmanullah Gurbaz,Axar Patel,,8,2,0,0,0,0,0,0,1,0,0,0,0,0,0,0,0,,,0,7.2,1,1,0,409485,6.6,62.29,0,0,,10,ORTHODOX,56,REVERSE SWEEP,0,0,2,7,44,0,Outside Off stump,Good Length,0,0,0,0,0,0,0,0,,,,,,,,,,,,,,,,,,,,,,,,,,,,,,,,,,,,,,,,,,,,,,,,,,,,
1170,1,9,Afghanistan,Rahmanullah Gurbaz,Axar Patel,,8,3,0,0,0,0,0,0,1,0,0,0,0,0,0,0,0,,,0,7.3,1,1,0,409486,-60.62,43.87,0,0,,10,ORTHODOX,52,BACKFOOT COVERDRIVE,0,0,3,7,44,0,Outside Off stump,Full Length,0,0,0,0,0,0,0,0,,,,,,,,,,,,,,,,,,,,,,,,,,,,,,,,,,,,,,,,,,,,,,,,,,,,
1170,1,9,Afghanistan,Rahmanullah Gurbaz,Axar Patel,,8,4,6,6,6,0,0,0,0,0,0,0,0,0,0,1,0,,,0,7.4,1,1,0,409487,166.37,-57.88,6,0,,10,ORTHODOX,95,SLOG SWEEP,0,0,4,7,50,0,Outside Off stump,Full Length,0,1,1,0,1,0,0,0,,,,,,,,,,,,,,,,,,,,,,,,,,,,,,,,,,,,,,,,,,,,,,,,,,,,
1170,1,9,Afghanistan,Rahmanullah Gurbaz,Axar Patel,,8,5,0,0,0,0,0,0,1,0,0,0,0,0,0,0,0,,,0,7.5,1,1,0,409488,-70.75,42.03,0,0,,10,ORTHODOX,89,STEP DOWN COVER DRIVE,0,0,5,7,50,0,Outside Off stump,Good Length,0,0,1,0,0,0,0,0,,,,,,,,,,,,,,,,,,,,,,,,,,,,,,,,,,,,,,,,,,,,,,,,,,,,
1170,1,9,Afghanistan,Rahmanullah Gurbaz,Axar Patel,,8,6,0 WK,W,0,0,0,0,1,0,0,0,0,0,0,0,1,Stumped,WICKET,1,7.6,1,1,0,409489,-70.75,42.03,0,0,https://scores.bcci.tv/matchcentre/commentaryFiles/Afghanistan-Tour-of-India-T20-Series-2023-24/India-VS-Afghanistan-(11-Jan-2024)/File_1-8-409489.png,23,ARM BALL,11,LOFTED ON DRIVE,0,0,6,7,50,1,Outside Off stump,Good Length,1,0,1,0,0,0,0,0,,,,,,,,,,,,,,,,,,,,,,,,,,,,,,,,,,,,,,,,,,,,,,,,,,,,
1170,1,9,Afghanistan,Ibrahim Zadran,Shivam Dube,,9,1,0,0,0,0,0,0,1,0,0,0,0,0,0,0,0,,,0,8.1,1,1,0,409490,-70.75,42.03,0,0,,38,STRAIGHT BALL,36,CUT SHOT,0,0,1,8,50,1,Outside Off stump,Short of Good Length,2,0,1,0,0,0,0,0,,,,,,,,,,,,,,,,,,,,,,,,,,,,,,,,,,,,,,,,,,,,,,,,,,,,
1170,1,9,Afghanistan,Ibrahim Zadran,Shivam Dube,,9,2,0 WK,W,0,0,0,0,1,0,0,0,0,0,0,0,1,Caught,WICKET,1,8.2,1,1,0,409491,-60.62,43.41,0,0,,38,STRAIGHT BALL,52,BACKFOOT COVERDRIVE,0,0,2,8,50,2,Outside Off stump,Short of Good Length,3,0,1,0,0,0,0,0,,,,,,,,,,,,,,,,,,,,,,,,,,,,,,,,,,,,,,,,,,,,,,,,,,,,
1170,1,9,Afghanistan,Rahmat Shah,Shivam Dube,,9,3,1,1,1,1,0,0,0,0,0,0,0,0,0,0,0,,,0,8.3,1,1,0,409492,55.87,159.44,1,0,,38,STRAIGHT BALL,47,FRONTFOOT ON DRIVE,0,0,3,8,51,2,Outside Off stump,Full Length,4,0,1,0,0,0,0,0,,,,,,,,,,,,,,,,,,,,,,,,,,,,,,,,,,,,,,,,,,,,,,,,,,,,
1170,1,9,Afghanistan,Azmatullah Omarzai,Shivam Dube,,9,4,0,0,0,0,0,0,1,0,0,0,0,0,0,0,0,,,0,8.4,1,1,0,409493,-68.91,-4.94,0,0,,38,STRAIGHT BALL,97,BACKFOOT PUSH,0,0,4,8,51,2,Outside Off stump,Short of Good Length,0,0,1,0,0,0,0,0,,,,,,,,,,,,,,,,,,,,,,,,,,,,,,,,,,,,,,,,,,,,,,,,,,,,
1170,1,9,Afghanistan,Azmatullah Omarzai,Shivam Dube,,9,5,1,1,1,1,0,0,0,0,0,0,0,0,0,0,0,,,0,8.5,1,1,0,409494,-134.75,56.3,1,0,,38,STRAIGHT BALL,51,FRONTFOOT COVERDRIVE,0,0,5,8,52,2,Outside Off stump,Good Length,0,0,1,0,0,0,0,0,,,,,,,,,,,,,,,,,,,,,,,,,,,,,,,,,,,,,,,,,,,,,,,,,,,,
1170,1,9,Afghanistan,Rahmat Shah,Shivam Dube,,9,6,1 (LB),1,0,0,0,0,1,1,0,0,0,1,0,0,0,,,0,8.6,1,1,1,409495,-134.75,56.3,1,0,,39,ANGLED IN,40,FRONTFOOT FLICK,0,0,6,8,53,2,Middle stump,Good Length,0,0,1,0,0,0,0,0,,,,,,,,,,,,,,,,,,,,,,,,,,,,,,,,,,,,,,,,,,,,,,,,,,,,
1170,1,9,Afghanistan,Rahmat Shah,Axar Patel,,10,1,0,0,0,0,0,0,1,0,0,0,0,0,0,0,0,,,0,9.1,1,1,0,409496,-80.42,-24.73,0,0,,10,ORTHODOX,36,CUT SHOT,0,0,1,9,53,2,Outside Off stump,Short of Good Length,1,0,1,0,0,0,0,0,,,,,,,,,,,,,,,,,,,,,,,,,,,,,,,,,,,,,,,,,,,,,,,,,,,,
1170,1,9,Afghanistan,Rahmat Shah,Axar Patel,,10,2,1,1,1,1,0,0,0,0,0,0,0,0,0,0,0,,,0,9.2,1,1,0,409497,-120.94,-42.23,1,0,,10,ORTHODOX,16,BACKFOOT SQUARE DRIVE,0,0,2,9,54,2,Outside Off stump,Short of Good Length,0,0,1,0,0,0,0,0,,,,,,,,,,,,,,,,,,,,,,,,,,,,,,,,,,,,,,,,,,,,,,,,,,,,
1170,1,9,Afghanistan,Azmatullah Omarzai,Axar Patel,,10,3,1,1,1,1,0,0,0,0,0,0,0,0,0,0,0,,,0,9.3,1,1,0,409498,100.07,125.83,1,0,,10,ORTHODOX,101,BACKFOOT ON DRIVE,0,0,3,9,55,2,Outside Off stump,Short of Good Length,0,0,1,0,0,0,0,0,,,,,,,,,,,,,,,,,,,,,,,,,,,,,,,,,,,,,,,,,,,,,,,,,,,,
1170,1,9,Afghanistan,Rahmat Shah,Axar Patel,,10,4,1,1,1,1,0,0,0,0,0,0,0,0,0,0,0,,,0,9.4,1,1,0,409499,-128.31,44.33,1,0,,10,ORTHODOX,52,BACKFOOT COVERDRIVE,0,0,4,9,56,2,Off stump,Good Length,0,0,1,0,0,0,0,0,,,,,,,,,,,,,,,,,,,,,,,,,,,,,,,,,,,,,,,,,,,,,,,,,,,,
1170,1,9,Afghanistan,Azmatullah Omarzai,Axar Patel,,10,5,1,1,1,1,0,0,0,0,0,0,0,0,0,0,0,,,0,9.5,1,1,0,409500,-122.32,-26.58,1,0,,10,ORTHODOX,16,BACKFOOT SQUARE DRIVE,0,0,5,9,57,2,Outside Off stump,Good Length,0,0,1,0,0,0,0,0,,,,,,,,,,,,,,,,,,,,,,,,,,,,,,,,,,,,,,,,,,,,,,,,,,,,
1170,1,9,Afghanistan,Rahmat Shah,Axar Patel,,10,6,0 WK,W,0,0,0,0,1,0,0,0,0,0,0,0,1,Bowled,WICKET,1,9.6,1,1,0,409501,-122.32,-26.58,0,0,,23,ARM BALL,36,CUT SHOT,0,0,6,9,57,3,Outside Off stump,Good Length,1,0,1,0,0,0,0,0,,,,,,,,,,,,,,,,,,,,,,,,,,,,,,,,,,,,,,,,,,,,,,,,,,,,
1170,1,9,Afghanistan,Azmatullah Omarzai,Ravi Bishnoi,,11,1,1,1,1,1,0,0,0,0,0,0,0,0,0,0,0,,,0,10.1,1,1,0,409502,-136.13,54.92,1,0,,24,LEG SPIN,36,CUT SHOT,0,0,1,10,58,3,Outside Off stump,Good Length,2,0,1,0,0,0,0,0,,,,,,,,,,,,,,,,,,,,,,,,,,,,,,,,,,,,,,,,,,,,,,,,,,,,
1170,1,9,Afghanistan,Mohammad Nabi,Ravi Bishnoi,,11,2,1,1,1,1,0,0,0,0,0,0,0,0,0,0,0,,,0,10.2,1,1,0,409503,-80.42,141.02,1,0,,24,LEG SPIN,84,FRONTFOOT OFF DRIVE,0,0,2,10,59,3,Outside Off stump,Full Toss,0,0,1,0,0,0,0,0,,,,,,,,,,,,,,,,,,,,,,,,,,,,,,,,,,,,,,,,,,,,,,,,,,,,
1170,1,9,Afghanistan,Azmatullah Omarzai,Ravi Bishnoi,,11,3,4,4,4,0,0,0,0,0,0,0,0,0,1,0,0,,,0,10.3,1,1,0,409504,-180.33,85.77,4,0,,24,LEG SPIN,51,FRONTFOOT COVERDRIVE,0,0,3,10,63,3,Outside Off stump,Full Length,0,0,1,0,0,0,0,0,,,,,,,,,,,,,,,,,,,,,,,,,,,,,,,,,,,,,,,,,,,,,,,,,,,,
1170,1,9,Afghanistan,Azmatullah Omarzai,Ravi Bishnoi,,11,4,1,1,1,1,0,0,0,0,0,0,0,0,0,0,0,,,0,10.4,1,1,0,409505,-100.22,122.6,1,0,,24,LEG SPIN,84,FRONTFOOT OFF DRIVE,0,0,4,10,64,3,Outside Off stump,Full Length,0,0,1,0,0,0,0,0,,,,,,,,,,,,,,,,,,,,,,,,,,,,,,,,,,,,,,,,,,,,,,,,,,,,
1170,1,9,Afghanistan,Mohammad Nabi,Ravi Bishnoi,,11,5,0,0,0,0,0,0,1,0,0,0,0,0,0,0,0,,,0,10.5,1,1,0,409506,-7.67,61.83,0,0,,24,LEG SPIN,97,BACKFOOT PUSH,0,0,5,10,64,3,Outside Off stump,Good Length,0,0,1,0,0,0,0,0,,,,,,,,,,,,,,,,,,,,,,,,,,,,,,,,,,,,,,,,,,,,,,,,,,,,
1170,1,9,Afghanistan,Mohammad Nabi,Ravi Bishnoi,,11,6,1,1,1,1,0,0,0,0,0,0,0,0,0,0,0,,,0,10.6,1,1,0,409507,87.64,152.99,1,0,,24,LEG SPIN,47,FRONTFOOT ON DRIVE,0,0,6,10,65,3,Off stump,Full Length,0,0,1,0,0,0,0,0,,,,,,,,,,,,,,,,,,,,,,,,,,,,,,,,,,,,,,,,,,,,,,,,,,,,
1170,1,9,Afghanistan,Mohammad Nabi,Shivam Dube,,12,1,0,0,0,0,0,0,1,0,0,0,0,0,0,0,0,,,0,11.1,1,1,0,409508,52.18,37.42,0,0,,38,STRAIGHT BALL,97,BACKFOOT PUSH,0,0,1,11,65,3,Outside Off stump,Short of Good Length,1,0,1,0,0,0,0,0,,,,,,,,,,,,,,,,,,,,,,,,,,,,,,,,,,,,,,,,,,,,,,,,,,,,
1170,1,9,Afghanistan,Mohammad Nabi,Shivam Dube,,12,2,1,1,1,1,0,0,0,0,0,0,0,0,0,0,0,,,0,11.2,1,1,0,409509,89.94,145.63,1,0,,38,STRAIGHT BALL,47,FRONTFOOT ON DRIVE,0,0,2,11,66,3,Off stump,Full Length,0,0,1,0,0,0,0,0,,,,,,,,,,,,,,,,,,,,,,,,,,,,,,,,,,,,,,,,,,,,,,,,,,,,
1170,1,9,Afghanistan,Azmatullah Omarzai,Shivam Dube,,12,3,1,1,1,1,0,0,0,0,0,0,0,0,0,0,0,,,0,11.3,1,1,0,409510,-53.26,34.2,1,0,,38,STRAIGHT BALL,15,LOFTED COVER DRIVE,0,0,3,11,67,3,Outside Off stump,Full Length,0,0,1,0,0,0,0,0,,,,,,,,,,,,,,,,,,,,,,,,,,,,,,,,,,,,,,,,,,,,,,,,,,,,
1170,1,9,Afghanistan,Mohammad Nabi,Shivam Dube,,12,4,0,0,0,0,0,0,1,0,0,0,0,0,0,0,0,,,0,11.4,1,1,0,409511,-52.33,39.27,0,0,,38,STRAIGHT BALL,97,BACKFOOT PUSH,0,0,4,11,67,3,Outside Off stump,Short of Good Length,0,0,1,0,0,0,0,0,,,,,,,,,,,,,,,,,,,,,,,,,,,,,,,,,,,,,,,,,,,,,,,,,,,,
1170,1,9,Afghanistan,Mohammad Nabi,Shivam Dube,,12,5,1,1,1,1,0,0,0,0,0,0,0,0,0,0,0,,,0,11.5,1,1,0,409512,144.73,27.29,1,0,,38,STRAIGHT BALL,58,BACKFOOT PULL SHOT,0,0,5,11,68,3,Outside Off stump,Short Length,0,0,1,0,0,0,0,0,,,,,,,,,,,,,,,,,,,,,,,,,,,,,,,,,,,,,,,,,,,,,,,,,,,,
1170,1,9,Afghanistan,Azmatullah Omarzai,Shivam Dube,,12,6,4,4,4,0,0,0,0,0,0,0,0,0,1,0,0,,,0,11.6,1,1,0,409513,-174.35,79.32,4,0,,38,STRAIGHT BALL,51,FRONTFOOT COVERDRIVE,0,0,6,11,72,3,Outside Off stump,Good Length,0,0,1,0,0,0,0,0,,,,,,,,,,,,,,,,,,,,,,,,,,,,,,,,,,,,,,,,,,,,,,,,,,,,
1170,1,9,Afghanistan,Mohammad Nabi,Ravi Bishnoi,,13,1,1,1,1,1,0,0,0,0,0,0,0,0,0,0,0,,,0,12.1,1,1,0,409514,-96.08,-8.62,1,0,,24,LEG SPIN,36,CUT SHOT,0,0,1,12,73,3,Outside Off stump,Short of Good Length,1,0,1,0,0,0,0,0,,,,,,,,,,,,,,,,,,,,,,,,,,,,,,,,,,,,,,,,,,,,,,,,,,,,
1170,1,9,Afghanistan,Azmatullah Omarzai,Ravi Bishnoi,,13,2,0,0,0,0,0,0,1,0,0,0,0,0,0,0,0,,,0,12.2,1,1,0,409515,56.33,43.41,0,0,,24,LEG SPIN,27,FORWARD PUSH,0,0,2,12,73,3,Off stump,Good Length,0,0,1,0,0,0,0,0,,,,,,,,,,,,,,,,,,,,,,,,,,,,,,,,,,,,,,,,,,,,,,,,,,,,
1170,1,9,Afghanistan,Azmatullah Omarzai,Ravi Bishnoi,,13,3,2,2,2,0,1,0,0,0,0,0,0,0,0,0,0,,,0,12.3,1,1,0,409516,114.8,124.91,2,0,,24,LEG SPIN,47,FRONTFOOT ON DRIVE,0,0,3,12,75,3,Off stump,Full Length,0,0,1,0,0,0,0,0,,,,,,,,,,,,,,,,,,,,,,,,,,,,,,,,,,,,,,,,,,,,,,,,,,,,
1170,1,9,Afghanistan,Azmatullah Omarzai,Ravi Bishnoi,,13,4,1,1,1,1,0,0,0,0,0,0,0,0,0,0,0,,,0,12.4,1,1,0,409517,118.95,-28.88,1,0,,24,LEG SPIN,97,BACKFOOT PUSH,0,0,4,12,76,3,Off stump,Short of Good Length,0,0,1,0,0,0,0,0,,,,,,,,,,,,,,,,,,,,,,,,,,,,,,,,,,,,,,,,,,,,,,,,,,,,
1170,1,9,Afghanistan,Mohammad Nabi,Ravi Bishnoi,,13,5,6,6,6,0,0,0,0,0,0,0,0,0,0,1,0,,,0,12.5,1,1,0,409518,91.78,187.99,6,0,,28,GOOGLY,11,LOFTED ON DRIVE,0,0,5,12,82,3,Outside Off stump,Full Length,0,0,1,0,0,0,0,0,,,,,,,,,,,,,,,,,,,,,,,,,,,,,,,,,,,,,,,,,,,,,,,,,,,,
1170,1,9,Afghanistan,Mohammad Nabi,Ravi Bishnoi,,13,6,1,1,1,1,0,0,0,0,0,0,0,0,0,0,0,,,0,12.6,1,1,0,409519,92.24,137.8,1,0,,28,GOOGLY,101,BACKFOOT ON DRIVE,0,0,6,12,83,3,Outside Off stump,Short of Good Length,0,0,1,0,0,0,0,0,,,,,,,,,,,,,,,,,,,,,,,,,,,,,,,,,,,,,,,,,,,,,,,,,,,,
1170,1,9,Afghanistan,Mohammad Nabi,Axar Patel,,14,1,1,1,1,1,0,0,0,0,0,0,0,0,0,0,0,,,0,13.1,1,1,0,409520,132.3,19.93,1,0,,10,ORTHODOX,97,BACKFOOT PUSH,0,0,1,13,84,3,Outside Off stump,Good Length,1,0,1,0,0,0,0,0,,,,,,,,,,,,,,,,,,,,,,,,,,,,,,,,,,,,,,,,,,,,,,,,,,,,
1170,1,9,Afghanistan,Azmatullah Omarzai,Axar Patel,,14,2,1,1,1,1,0,0,0,0,0,0,0,0,0,0,0,,,0,13.2,1,1,0,409521,145.19,42.03,1,0,,10,ORTHODOX,97,BACKFOOT PUSH,0,0,2,13,85,3,Off stump,Good Length,0,0,1,0,0,0,0,0,,,,,,,,,,,,,,,,,,,,,,,,,,,,,,,,,,,,,,,,,,,,,,,,,,,,
1170,1,9,Afghanistan,Mohammad Nabi,Axar Patel,,14,3,2,2,2,0,1,0,0,0,0,0,0,0,0,0,0,,,0,13.3,1,1,0,409522,121.25,35.12,2,0,,10,ORTHODOX,97,BACKFOOT PUSH,0,0,3,13,87,3,Off stump,Full Length,0,0,1,0,0,0,0,0,,,,,,,,,,,,,,,,,,,,,,,,,,,,,,,,,,,,,,,,,,,,,,,,,,,,
1170,1,9,Afghanistan,Mohammad Nabi,Axar Patel,,14,4,1,1,1,1,0,0,0,0,0,0,0,0,0,0,0,,,0,13.4,1,1,0,409523,118.49,69.19,1,0,,10,ORTHODOX,97,BACKFOOT PUSH,0,0,4,13,88,3,Outside Off stump,Short of Good Length,0,0,1,0,0,0,0,0,,,,,,,,,,,,,,,,,,,,,,,,,,,,,,,,,,,,,,,,,,,,,,,,,,,,
1170,1,9,Afghanistan,Azmatullah Omarzai,Axar Patel,,14,5,0,0,0,0,0,0,1,0,0,0,0,0,0,0,0,,,0,13.5,1,1,0,409524,-18.26,75.64,0,0,,10,ORTHODOX,84,FRONTFOOT OFF DRIVE,0,0,5,13,88,3,Off stump,Full Length,0,0,1,0,0,0,0,0,,,,,,,,,,,,,,,,,,,,,,,,,,,,,,,,,,,,,,,,,,,,,,,,,,,,
1170,1,9,Afghanistan,Azmatullah Omarzai,Axar Patel,,14,6,1,1,1,1,0,0,0,0,0,0,0,0,0,0,0,,,0,13.6,1,1,0,409525,56.33,6.12,1,0,,23,ARM BALL,97,BACKFOOT PUSH,0,0,6,13,89,3,Off stump,Short of Good Length,0,0,1,0,0,0,0,0,,,,,,,,,,,,,,,,,,,,,,,,,,,,,,,,,,,,,,,,,,,,,,,,,,,,
1170,1,9,Afghanistan,Azmatullah Omarzai,Ravi Bishnoi,,15,1,6,6,6,0,0,0,0,0,0,0,0,0,0,1,0,,,0,14.1,1,1,0,409526,166.83,102.35,6,0,,28,GOOGLY,95,SLOG SWEEP,0,0,1,14,95,3,Outside Off stump,Full Length,1,0,1,0,0,0,0,0,,,,,,,,,,,,,,,,,,,,,,,,,,,,,,,,,,,,,,,,,,,,,,,,,,,,
1170,1,9,Afghanistan,Azmatullah Omarzai,Ravi Bishnoi,,15,2,1,1,1,1,0,0,0,0,0,0,0,0,0,0,0,,,0,14.2,1,1,0,409527,113.42,133.19,1,0,,28,GOOGLY,18,SLOG SHOT,0,0,2,14,96,3,Outside Off stump,Full Length,0,0,1,0,0,0,0,0,,,,,,,,,,,,,,,,,,,,,,,,,,,,,,,,,,,,,,,,,,,,,,,,,,,,
1170,1,9,Afghanistan,Mohammad Nabi,Ravi Bishnoi,,15,3,4,4,4,0,0,0,0,0,0,0,0,0,1,0,0,,,0,14.3,1,1,0,409528,151.64,124.45,4,0,,28,GOOGLY,18,SLOG SHOT,0,0,3,14,100,3,Leg stump,Full Length,0,1,2,0,0,1,0,0,,,,,,,,,,,,,,,,,,,,,,,,,,,,,,,,,,,,,,,,,,,,,,,,,,,,
1170,1,9,Afghanistan,Mohammad Nabi,Ravi Bishnoi,,15,4,4,4,4,0,0,0,0,0,0,0,0,0,1,0,0,,,0,14.4,1,1,0,409529,-158.23,-50.06,4,0,,24,LEG SPIN,36,CUT SHOT,0,0,4,14,104,3,Outside Off stump,Short of Good Length,0,0,2,0,0,0,0,0,,,,,,,,,,,,,,,,,,,,,,,,,,,,,,,,,,,,,,,,,,,,,,,,,,,,
1170,1,9,Afghanistan,Mohammad Nabi,Ravi Bishnoi,,15,5,0,0,0,0,0,0,1,0,0,0,0,0,0,0,0,,,0,14.5,1,1,0,409530,-158.23,-50.06,0,0,,24,LEG SPIN,15,LOFTED COVER DRIVE,0,0,5,14,104,3,Outside Off stump,Good Length,0,0,2,0,0,0,0,0,,,,,,,,,,,,,,,,,,,,,,,,,,,,,,,,,,,,,,,,,,,,,,,,,,,,
1170,1,9,Afghanistan,Mohammad Nabi,Ravi Bishnoi,,15,6,1,1,1,1,0,0,0,0,0,0,0,0,0,0,0,,,0,14.6,1,1,0,409531,-72.13,-22.89,1,0,,24,LEG SPIN,51,FRONTFOOT COVERDRIVE,0,0,6,14,105,3,Outside Off stump,Full Length,0,0,2,0,0,0,0,0,,,,,,,,,,,,,,,,,,,,,,,,,,,,,,,,,,,,,,,,,,,,,,,,,,,,
1170,1,9,Afghanistan,Mohammad Nabi,Mukesh Kumar,,16,1,1,1,1,1,0,0,0,0,0,0,0,0,0,0,0,,,0,15.1,1,1,0,409532,36.99,-25.19,1,0,,47,SLOWER BALL,5,LOFTED OFF DRIVE,0,0,1,15,106,3,Outside Off stump,Short of Good Length,1,0,2,0,0,0,0,0,,,,,,,,,,,,,,,,,,,,,,,,,,,,,,,,,,,,,,,,,,,,,,,,,,,,
1170,1,9,Afghanistan,Azmatullah Omarzai,Mukesh Kumar,,16,2,1,1,1,1,0,0,0,0,0,0,0,0,0,0,0,,,0,15.2,1,1,0,409533,105.13,115.24,1,0,,39,ANGLED IN,40,FRONTFOOT FLICK,0,0,2,15,107,3,Off stump,Full Toss,0,0,2,0,0,0,0,0,,,,,,,,,,,,,,,,,,,,,,,,,,,,,,,,,,,,,,,,,,,,,,,,,,,,
1170,1,9,Afghanistan,Mohammad Nabi,Mukesh Kumar,,16,3,6,6,6,0,0,0,0,0,0,0,0,0,0,1,0,,,0,15.3,1,1,0,409534,-123.24,158.52,6,0,,38,STRAIGHT BALL,5,LOFTED OFF DRIVE,0,0,3,15,113,3,Outside Off stump,Short of Good Length,0,0,2,0,0,0,0,0,,,,,,,,,,,,,,,,,,,,,,,,,,,,,,,,,,,,,,,,,,,,,,,,,,,,
1170,1,9,Afghanistan,Mohammad Nabi,Mukesh Kumar,,16,4,6,6,6,0,0,0,0,0,0,0,0,0,0,1,0,,,0,15.4,1,1,0,409535,174.66,70.12,6,0,,38,STRAIGHT BALL,58,BACKFOOT PULL SHOT,0,0,4,15,119,3,Outside Off stump,Short of Good Length,0,0,2,0,0,0,0,0,,,,,,,,,,,,,,,,,,,,,,,,,,,,,,,,,,,,,,,,,,,,,,,,,,,,
1170,1,9,Afghanistan,Mohammad Nabi,Mukesh Kumar,,16,5,0,0,0,0,0,0,1,0,0,0,0,0,0,0,0,,,0,15.5,1,1,0,409536,-54.64,102.81,0,0,,38,STRAIGHT BALL,84,FRONTFOOT OFF DRIVE,0,0,5,15,119,3,Off stump,Full Toss,0,0,2,0,0,0,0,0,,,,,,,,,,,,,,,,,,,,,,,,,,,,,,,,,,,,,,,,,,,,,,,,,,,,
1170,1,9,Afghanistan,Mohammad Nabi,Mukesh Kumar,,16,6,1,1,1,1,0,0,0,0,0,0,0,0,0,0,0,,,0,15.6,1,1,0,409537,-69.37,-27.5,1,0,,38,STRAIGHT BALL,44,GLIDE,0,0,6,15,120,3,Outside Off stump,Yorker,0,0,2,0,0,0,0,0,,,,,,,,,,,,,,,,,,,,,,,,,,,,,,,,,,,,,,,,,,,,,,,,,,,,
1170,1,9,Afghanistan,Mohammad Nabi,Arshdeep Singh,,17,1,0,0,0,0,0,0,1,0,0,0,0,0,0,0,0,,,0,16.1,1,1,0,409538,-69.37,-27.5,0,0,,30,ANGLED ACROSS,36,CUT SHOT,0,0,1,16,120,3,Outside Off stump,Short of Good Length,1,0,2,0,0,0,0,0,,,,,,,,,,,,,,,,,,,,,,,,,,,,,,,,,,,,,,,,,,,,,,,,,,,,
1170,1,9,Afghanistan,Mohammad Nabi,Arshdeep Singh,,17,2,1,1,1,1,0,0,0,0,0,0,0,0,0,0,0,,,0,16.2,1,1,0,409539,106.05,133.65,1,0,,38,STRAIGHT BALL,47,FRONTFOOT ON DRIVE,0,0,2,16,121,3,Off stump,Full Toss,0,0,2,0,0,0,0,0,,,,,,,,,,,,,,,,,,,,,,,,,,,,,,,,,,,,,,,,,,,,,,,,,,,,
1170,1,9,Afghanistan,Azmatullah Omarzai,Arshdeep Singh,,17,3,0,0,0,0,0,0,1,0,0,0,0,0,0,0,0,,,0,16.3,1,1,0,409540,106.05,133.65,0,0,,8,OFF CUTTER,58,BACKFOOT PULL SHOT,0,0,3,16,121,3,Outside Leg stump,Short Length,0,0,2,0,0,0,0,0,,,,,,,,,,,,,,,,,,,,,,,,,,,,,,,,,,,,,,,,,,,,,,,,,,,,
1170,1,9,Afghanistan,Azmatullah Omarzai,Arshdeep Singh,,17,4,1,1,1,1,0,0,0,0,0,0,0,0,0,0,0,,,0,16.4,1,1,0,409541,84.41,145.17,1,0,,38,STRAIGHT BALL,40,FRONTFOOT FLICK,0,0,4,16,122,3,Off stump,Yorker,0,0,2,0,0,0,0,0,,,,,,,,,,,,,,,,,,,,,,,,,,,,,,,,,,,,,,,,,,,,,,,,,,,,
1170,1,9,Afghanistan,Mohammad Nabi,Arshdeep Singh,,17,5,1 (WD),1,0,0,0,0,0,1,1,0,0,0,0,0,0,,,0,16.5,1,1,1,409542,84.41,145.17,1,0,,30,ANGLED ACROSS,36,CUT SHOT,0,0,5,16,123,3,Outside Off stump,Full Toss,0,0,2,0,0,0,0,0,,,,,,,,,,,,,,,,,,,,,,,,,,,,,,,,,,,,,,,,,,,,,,,,,,,,
1170,1,9,Afghanistan,Mohammad Nabi,Arshdeep Singh,,17,5,1,1,1,1,0,0,0,0,0,0,0,0,0,0,0,,,0,16.5,1,1,0,409543,149.79,35.58,1,0,,38,STRAIGHT BALL,40,FRONTFOOT FLICK,0,0,6,16,124,3,Off stump,Full Length,0,0,2,0,0,0,0,0,,,,,,,,,,,,,,,,,,,,,,,,,,,,,,,,,,,,,,,,,,,,,,,,,,,,
1170,1,9,Afghanistan,Azmatullah Omarzai,Arshdeep Singh,,17,6,1,1,1,1,0,0,0,0,0,0,0,0,0,0,0,,,0,16.6,1,1,0,409544,144.27,81.17,1,0,,38,STRAIGHT BALL,40,FRONTFOOT FLICK,0,0,7,16,125,3,Leg stump,Full Toss,0,0,2,0,0,0,0,0,,,,,,,,,,,,,,,,,,,,,,,,,,,,,,,,,,,,,,,,,,,,,,,,,,,,
1170,1,9,Afghanistan,Azmatullah Omarzai,Mukesh Kumar,,18,1,0 WK,W,0,0,0,0,1,0,0,0,0,0,0,0,1,Bowled,WICKET,1,17.1,1,1,0,409545,144.27,81.17,0,0,,38,STRAIGHT BALL,36,CUT SHOT,0,0,1,17,125,4,Outside Off stump,Good Length,1,0,2,0,0,0,0,0,,,,,,,,,,,,,,,,,,,,,,,,,,,,,,,,,,,,,,,,,,,,,,,,,,,,
1170,1,9,Afghanistan,Najibullah Zadran,Mukesh Kumar,,18,2,0,0,0,0,0,0,1,0,0,0,0,0,0,0,0,,,0,17.2,1,1,0,409546,74.74,-18.75,0,0,,38,STRAIGHT BALL,44,GLIDE,0,0,2,17,125,4,Outside Leg stump,Short Length,2,0,2,0,0,0,0,0,,,,,,,,,,,,,,,,,,,,,,,,,,,,,,,,,,,,,,,,,,,,,,,,,,,,
1170,1,9,Afghanistan,Najibullah Zadran,Mukesh Kumar,,18,3,1,1,1,1,0,0,0,0,0,0,0,0,0,0,0,,,0,17.3,1,1,0,409547,125.85,19.93,1,0,,38,STRAIGHT BALL,16,BACKFOOT SQUARE DRIVE,0,0,3,17,126,4,Outside Leg stump,Short Length,0,0,2,0,0,0,0,0,,,,,,,,,,,,,,,,,,,,,,,,,,,,,,,,,,,,,,,,,,,,,,,,,,,,
1170,1,9,Afghanistan,Mohammad Nabi,Mukesh Kumar,,18,4,1,1,1,1,0,0,0,0,0,0,0,0,0,0,0,,,0,17.4,1,1,0,409548,-139.82,11.64,1,0,,38,STRAIGHT BALL,59,FRONTFOOT SQUARE DRIVE,0,0,4,17,127,4,Outside Off stump,Full Length,0,0,2,0,0,0,0,0,,,,,,,,,,,,,,,,,,,,,,,,,,,,,,,,,,,,,,,,,,,,,,,,,,,,
1170,1,9,Afghanistan,Najibullah Zadran,Mukesh Kumar,,18,5,1 (WD),1,0,0,0,0,0,1,1,0,0,0,0,0,0,,,0,17.5,1,1,1,409549,-139.82,11.64,1,0,,38,STRAIGHT BALL,58,BACKFOOT PULL SHOT,0,0,5,17,128,4,Outside Leg stump,Short Length,0,0,2,0,0,0,0,0,,,,,,,,,,,,,,,,,,,,,,,,,,,,,,,,,,,,,,,,,,,,,,,,,,,,
1170,1,9,Afghanistan,Najibullah Zadran,Mukesh Kumar,,18,5,1 (NB),1,0,0,0,0,1,1,0,1,0,0,0,0,0,,,0,17.5,1,1,1,409550,-139.82,11.64,1,0,,38,STRAIGHT BALL,36,CUT SHOT,0,0,6,17,129,4,Outside Off stump,Short Length,0,0,2,0,0,0,0,0,,,,,,,,,,,,,,,,,,,,,,,,,,,,,,,,,,,,,,,,,,,,,,,,,,,,
1170,1,9,Afghanistan,Najibullah Zadran,Mukesh Kumar,,18,5,1 (LB),1,0,0,0,0,1,1,0,0,0,1,0,0,0,,,0,17.5,1,1,1,409551,-139.82,11.64,1,0,,38,STRAIGHT BALL,40,FRONTFOOT FLICK,0,0,7,17,130,4,Outside Leg stump,Yorker,0,0,2,0,0,0,0,0,,,,,,,,,,,,,,,,,,,,,,,,,,,,,,,,,,,,,,,,,,,,,,,,,,,,
1170,1,9,Afghanistan,Mohammad Nabi,Mukesh Kumar,,18,6,0 WK,W,0,0,0,0,1,0,0,0,0,0,0,0,1,Caught,WICKET,1,17.6,1,1,0,409552,-147.64,62.29,0,0,,38,STRAIGHT BALL,15,LOFTED COVER DRIVE,0,0,8,17,130,5,Outside Off stump,Good Length,1,0,2,0,0,0,0,0,,,,,,,,,,,,,,,,,,,,,,,,,,,,,,,,,,,,,,,,,,,,,,,,,,,,
1170,1,9,Afghanistan,Najibullah Zadran,Washington Sundar,,19,1,4,4,4,0,0,0,0,0,0,0,0,0,1,0,0,,,0,18.1,1,1,0,409553,-34.38,210.55,4,0,,25,OFF SPIN,11,LOFTED ON DRIVE,0,0,1,18,134,5,Outside Off stump,Good Length,2,0,2,0,0,0,0,0,,,,,,,,,,,,,,,,,,,,,,,,,,,,,,,,,,,,,,,,,,,,,,,,,,,,
1170,1,9,Afghanistan,Najibullah Zadran,Washington Sundar,,19,2,0,0,0,0,0,0,1,0,0,0,0,0,0,0,0,,,0,18.2,1,1,0,409554,47.58,100.5,0,0,,25,OFF SPIN,5,LOFTED OFF DRIVE,0,0,2,18,134,5,Outside Off stump,Good Length,0,0,2,0,0,0,0,0,,,,,,,,,,,,,,,,,,,,,,,,,,,,,,,,,,,,,,,,,,,,,,,,,,,,
1170,1,9,Afghanistan,Najibullah Zadran,Washington Sundar,,19,3,1,1,1,1,0,0,0,0,0,0,0,0,0,0,0,,,0,18.3,1,1,0,409555,73.36,162.2,1,0,,25,OFF SPIN,84,FRONTFOOT OFF DRIVE,0,0,3,18,135,5,Outside Off stump,Full Length,0,0,2,0,0,0,0,0,,,,,,,,,,,,,,,,,,,,,,,,,,,,,,,,,,,,,,,,,,,,,,,,,,,,
1170,1,9,Afghanistan,Karim Janat,Washington Sundar,,19,4,0,0,0,0,0,0,1,0,0,0,0,0,0,0,0,,,0,18.4,1,1,0,409556,12.59,57.68,0,0,,25,OFF SPIN,95,SLOG SWEEP,0,0,4,18,135,5,Off stump,Full Length,0,0,2,0,0,0,0,0,,,,,,,,,,,,,,,,,,,,,,,,,,,,,,,,,,,,,,,,,,,,,,,,,,,,
1170,1,9,Afghanistan,Karim Janat,Washington Sundar,,19,5,4,4,4,0,0,0,0,0,0,0,0,0,1,0,0,,,0,18.5,1,1,0,409557,130.0,-84.59,4,0,,25,OFF SPIN,58,BACKFOOT PULL SHOT,0,0,5,18,139,5,Outside Leg stump,Short of Good Length,0,0,2,0,0,0,0,0,,,,,,,,,,,,,,,,,,,,,,,,,,,,,,,,,,,,,,,,,,,,,,,,,,,,
1170,1,9,Afghanistan,Karim Janat,Washington Sundar,,19,6,4,4,4,0,0,0,0,0,0,0,0,0,1,0,0,,,0,18.6,1,1,0,409558,-170.67,98.66,4,0,,25,OFF SPIN,36,CUT SHOT,0,0,6,18,143,5,Outside Off stump,Short of Good Length,0,0,2,0,0,0,0,0,,,,,,,,,,,,,,,,,,,,,,,,,,,,,,,,,,,,,,,,,,,,,,,,,,,,
1170,1,9,Afghanistan,Najibullah Zadran,Arshdeep Singh,,20,1,4,4,4,0,0,0,0,0,0,0,0,0,1,0,0,,,0,19.1,1,1,0,409559,-145.34,-73.08,4,0,,38,STRAIGHT BALL,40,FRONTFOOT FLICK,0,0,1,19,147,5,Outside Leg stump,Full Toss,1,0,2,0,0,0,0,0,,,,,,,,,,,,,,,,,,,,,,,,,,,,,,,,,,,,,,,,,,,,,,,,,,,,
1170,1,9,Afghanistan,Najibullah Zadran,Arshdeep Singh,,20,2,1,1,1,1,0,0,0,0,0,0,0,0,0,0,0,,,0,19.2,1,1,0,409560,-136.13,-7.24,1,0,,39,ANGLED IN,40,FRONTFOOT FLICK,0,0,2,19,148,5,Outside Leg stump,Full Toss,0,0,2,0,0,0,0,0,,,,,,,,,,,,,,,,,,,,,,,,,,,,,,,,,,,,,,,,,,,,,,,,,,,,
1170,1,9,Afghanistan,Karim Janat,Arshdeep Singh,,20,3,0,0,0,0,0,0,1,0,0,0,0,0,0,0,0,,,0,19.3,1,1,0,409561,-136.13,-7.24,0,0,,30,ANGLED ACROSS,44,GLIDE,0,0,3,19,148,5,Wide outside Off stump,Yorker,0,0,2,0,0,0,0,0,,,,,,,,,,,,,,,,,,,,,,,,,,,,,,,,,,,,,,,,,,,,,,,,,,,,
1170,1,9,Afghanistan,Karim Janat,Arshdeep Singh,,20,4,1 (WD),1,0,0,0,0,0,1,1,0,0,0,0,0,0,,,0,19.4,1,1,1,409562,-136.13,-7.24,1,0,,30,ANGLED ACROSS,36,CUT SHOT,0,0,4,19,149,5,Wide outside Off stump,Full Toss,0,0,2,0,0,0,0,0,,,,,,,,,,,,,,,,,,,,,,,,,,,,,,,,,,,,,,,,,,,,,,,,,,,,
1170,1,9,Afghanistan,Karim Janat,Arshdeep Singh,,20,4,1,1,1,1,0,0,0,0,0,0,0,0,0,0,0,,,0,19.4,1,1,0,409563,-91.93,151.15,1,0,,30,ANGLED ACROSS,84,FRONTFOOT OFF DRIVE,0,0,5,19,150,5,Outside Off stump,Full Length,0,1,3,0,0,0,0,0,,,,,,,,,,,,,,,,,,,,,,,,,,,,,,,,,,,,,,,,,,,,,,,,,,,,
1170,1,9,Afghanistan,Najibullah Zadran,Arshdeep Singh,,20,5,4,4,4,0,0,0,0,0,0,0,0,0,1,0,0,,,0,19.5,1,1,0,409564,126.31,-95.64,4,0,,38,STRAIGHT BALL,31,UPPER CUT,0,0,6,19,154,5,Outside Off stump,Short Length,0,0,3,0,0,0,0,0,,,,,,,,,,,,,,,,,,,,,,,,,,,,,,,,,,,,,,,,,,,,,,,,,,,,
1170,1,9,Afghanistan,Najibullah Zadran,Arshdeep Singh,,20,6,4,4,4,0,0,0,0,0,0,0,0,0,1,0,0,,,0,19.6,1,1,0,409565,-135.67,-77.68,4,0,,39,ANGLED IN,40,FRONTFOOT FLICK,0,0,7,19,158,5,Leg stump,Yorker,0,0,3,0,0,0,0,0,,,,,,,,,,,,,,,,,,,,,,,,,,,,,,,,,,,,,,,,,,,,,,,,,,,,
1170,2,1,India,Rohit Sharma,Fazalhaq Farooqi,,1,1,0,0,0,0,0,0,1,0,0,0,0,0,0,0,0,,,0,0.1,1,1,0,409566,-49.57,97.74,0,0,,41,INSWINGER,49,FORWARD DEFENCE,0,0,1,0,0,0,Middle stump,Full Length,1,0,0,0,0,0,0,0,,,,,,,,,,,,,,,,,,,,,,,,,,,,,,,,,,,,,,,,,,,,,,,,,,,,
1170,2,1,India,Rohit Sharma,Fazalhaq Farooqi,,1,2,0 WK,W,0,0,0,0,1,0,0,0,0,0,0,0,1,Run Out,WICKET,0,0.2,1,1,0,409567,-32.54,97.28,0,0,,38,STRAIGHT BALL,21,STEP DOWN OFF DRIVE,0,0,2,0,0,1,Off stump,Good Length,0,0,0,0,0,0,0,0,,,,,,,,,,,,,,,,,,,,,,,,,,,,,,,,,,,,,,,,,,,,,,,,,,,,
1170,2,1,India,Tilak Varma,Fazalhaq Farooqi,,1,3,1,1,1,1,0,0,0,0,0,0,0,0,0,0,0,,,0,0.3,1,1,0,409568,71.52,-37.63,1,0,,38,STRAIGHT BALL,44,GLIDE,0,0,3,0,1,1,Outside Off stump,Good Length,0,0,0,0,0,0,0,0,,,,,,,,,,,,,,,,,,,,,,,,,,,,,,,,,,,,,,,,,,,,,,,,,,,,
1170,2,1,India,Shubman Gill,Fazalhaq Farooqi,,1,4,0,0,0,0,0,0,1,0,0,0,0,0,0,0,0,,,0,0.4,1,1,0,409569,-14.58,53.08,0,0,,38,STRAIGHT BALL,54,LEG GLANCE,0,0,4,0,1,1,Outside Leg stump,Short of Good Length,0,0,0,0,0,0,0,0,,,,,,,,,,,,,,,,,,,,,,,,,,,,,,,,,,,,,,,,,,,,,,,,,,,,
1170,2,1,India,Shubman Gill,Fazalhaq Farooqi,,1,5,0,0,0,0,0,0,1,0,0,0,0,0,0,0,0,,,0,0.5,1,1,0,409570,-14.58,53.08,0,0,,38,STRAIGHT BALL,97,BACKFOOT PUSH,0,0,5,0,1,1,Outside Leg stump,Short of Good Length,0,0,0,0,0,0,0,0,,,,,,,,,,,,,,,,,,,,,,,,,,,,,,,,,,,,,,,,,,,,,,,,,,,,
1170,2,1,India,Shubman Gill,Fazalhaq Farooqi,,1,6,4,4,4,0,0,0,0,0,0,0,0,0,1,0,0,,,0,0.6,1,1,0,409571,-51.41,214.23,4,0,,38,STRAIGHT BALL,21,STEP DOWN OFF DRIVE,0,0,6,0,5,1,Leg stump,Short of Good Length,0,0,0,0,0,0,0,0,,,,,,,,,,,,,,,,,,,,,,,,,,,,,,,,,,,,,,,,,,,,,,,,,,,,
1170,2,1,India,Tilak Varma,Mujeeb Ur Rahman,,2,1,0,0,0,0,0,0,1,0,0,0,0,0,0,0,0,,,0,1.1,1,1,0,409572,73.36,33.28,0,0,,23,ARM BALL,51,FRONTFOOT COVERDRIVE,0,0,1,1,5,1,Outside Off stump,Full Length,1,0,0,0,0,0,0,0,,,,,,,,,,,,,,,,,,,,,,,,,,,,,,,,,,,,,,,,,,,,,,,,,,,,
1170,2,1,India,Tilak Varma,Mujeeb Ur Rahman,,2,2,1,1,1,1,0,0,0,0,0,0,0,0,0,0,0,,,0,1.2,1,1,0,409573,83.49,17.63,1,0,,33,CARROM BALL,97,BACKFOOT PUSH,0,0,2,1,6,1,Outside Off stump,Good Length,0,0,0,0,0,0,0,0,,,,,,,,,,,,,,,,,,,,,,,,,,,,,,,,,,,,,,,,,,,,,,,,,,,,
1170,2,1,India,Shubman Gill,Mujeeb Ur Rahman,,2,3,1,1,1,1,0,0,0,0,0,0,0,0,0,0,0,,,0,1.3,1,1,0,409574,113.88,85.31,1,0,,25,OFF SPIN,47,FRONTFOOT ON DRIVE,0,0,3,1,7,1,Outside Off stump,Good Length,0,0,0,0,0,0,0,0,,,,,,,,,,,,,,,,,,,,,,,,,,,,,,,,,,,,,,,,,,,,,,,,,,,,
1170,2,1,India,Tilak Varma,Mujeeb Ur Rahman,,2,4,0,0,0,0,0,0,1,0,0,0,0,0,0,0,0,,,0,1.4,1,1,0,409575,83.95,25.45,0,0,,25,OFF SPIN,52,BACKFOOT COVERDRIVE,0,0,4,1,7,1,Outside Off stump,Good Length,0,0,0,0,0,0,0,0,,,,,,,,,,,,,,,,,,,,,,,,,,,,,,,,,,,,,,,,,,,,,,,,,,,,
1170,2,1,India,Tilak Varma,Mujeeb Ur Rahman,,2,5,0,0,0,0,0,0,1,0,0,0,0,0,0,0,0,,,0,1.5,1,1,0,409576,51.72,96.82,0,0,,25,OFF SPIN,27,FORWARD PUSH,0,0,5,1,7,1,Middle stump,Full Length,0,0,0,0,0,0,0,0,,,,,,,,,,,,,,,,,,,,,,,,,,,,,,,,,,,,,,,,,,,,,,,,,,,,
1170,2,1,India,Tilak Varma,Mujeeb Ur Rahman,,2,6,1,1,1,1,0,0,0,0,0,0,0,0,0,0,0,,,0,1.6,1,1,0,409577,-107.13,135.04,1,0,,28,GOOGLY,47,FRONTFOOT ON DRIVE,0,0,6,1,8,1,Off stump,Full Length,0,0,0,0,0,0,0,0,,,,,,,,,,,,,,,,,,,,,,,,,,,,,,,,,,,,,,,,,,,,,,,,,,,,
1170,2,1,India,Tilak Varma,Fazalhaq Farooqi,,3,1,0,0,0,0,0,0,1,0,0,0,0,0,0,0,0,,,0,2.1,1,1,0,409578,-107.13,135.04,0,0,,39,ANGLED IN,54,LEG GLANCE,0,0,1,2,8,1,Off stump,Good Length,1,0,0,0,0,0,0,0,,,,,,,,,,,,,,,,,,,,,,,,,,,,,,,,,,,,,,,,,,,,,,,,,,,,
1170,2,1,India,Tilak Varma,Fazalhaq Farooqi,,3,2,1,1,1,1,0,0,0,0,0,0,0,0,0,0,0,,,0,2.2,1,1,0,409579,99.15,-76.3,1,0,,38,STRAIGHT BALL,97,BACKFOOT PUSH,0,0,2,2,9,1,Outside Off stump,Short of Good Length,0,0,0,0,0,0,0,0,,,,,,,,,,,,,,,,,,,,,,,,,,,,,,,,,,,,,,,,,,,,,,,,,,,,
1170,2,1,India,Shubman Gill,Fazalhaq Farooqi,,3,3,4,4,4,0,0,0,0,0,0,0,0,0,1,0,0,,,0,2.3,1,1,0,409580,179.26,51.24,4,0,,39,ANGLED IN,58,BACKFOOT PULL SHOT,0,0,3,2,13,1,Outside Off stump,Short of Good Length,0,0,0,0,0,0,0,0,,,,,,,,,,,,,,,,,,,,,,,,,,,,,,,,,,,,,,,,,,,,,,,,,,,,
1170,2,1,India,Shubman Gill,Fazalhaq Farooqi,,3,4,0,0,0,0,0,0,1,0,0,0,0,0,0,0,0,,,0,2.4,1,1,0,409581,19.03,47.09,0,0,,38,STRAIGHT BALL,84,FRONTFOOT OFF DRIVE,0,0,4,2,13,1,Outside Off stump,Good Length,0,0,0,0,0,0,0,0,,,,,,,,,,,,,,,,,,,,,,,,,,,,,,,,,,,,,,,,,,,,,,,,,,,,
1170,2,1,India,Shubman Gill,Fazalhaq Farooqi,,3,5,4,4,4,0,0,0,0,0,0,0,0,0,1,0,0,,,0,2.5,1,1,0,409582,-173.89,82.55,4,0,,30,ANGLED ACROSS,89,STEP DOWN COVER DRIVE,0,0,5,2,17,1,Leg stump,Good Length,0,0,0,0,0,0,0,0,,,,,,,,,,,,,,,,,,,,,,,,,,,,,,,,,,,,,,,,,,,,,,,,,,,,
1170,2,1,India,Shubman Gill,Fazalhaq Farooqi,,3,6,2,2,2,0,1,0,0,0,0,0,0,0,0,0,0,,,0,2.6,1,1,0,409583,-55.56,37.88,2,0,,38,STRAIGHT BALL,49,FORWARD DEFENCE,0,0,6,2,19,1,Leg stump,Good Length,0,0,0,0,0,0,0,0,,,,,,,,,,,,,,,,,,,,,,,,,,,,,,,,,,,,,,,,,,,,,,,,,,,,
1170,2,1,India,Tilak Varma,Mujeeb Ur Rahman,,4,1,1,1,1,1,0,0,0,0,0,0,0,0,0,0,0,,,0,3.1,1,1,0,409584,-57.86,54.46,1,0,,25,OFF SPIN,27,FORWARD PUSH,0,0,1,3,20,1,Off stump,Full Length,1,0,0,0,0,0,0,0,,,,,,,,,,,,,,,,,,,,,,,,,,,,,,,,,,,,,,,,,,,,,,,,,,,,
1170,2,1,India,Shubman Gill,Mujeeb Ur Rahman,,4,2,4,4,4,0,0,0,0,0,0,0,0,0,1,0,0,,,0,3.2,1,1,0,409585,-163.76,132.73,4,0,,28,GOOGLY,51,FRONTFOOT COVERDRIVE,0,0,2,3,24,1,Outside Off stump,Full Length,0,0,0,0,0,0,0,0,,,,,,,,,,,,,,,,,,,,,,,,,,,,,,,,,,,,,,,,,,,,,,,,,,,,
1170,2,1,India,Shubman Gill,Mujeeb Ur Rahman,,4,3,0,0,0,0,0,0,1,0,0,0,0,0,0,0,0,,,0,3.3,1,1,0,409586,-40.36,96.36,0,0,,25,OFF SPIN,84,FRONTFOOT OFF DRIVE,0,0,3,3,24,1,Outside Off stump,Full Length,0,0,0,0,0,0,0,0,,,,,,,,,,,,,,,,,,,,,,,,,,,,,,,,,,,,,,,,,,,,,,,,,,,,
1170,2,1,India,Shubman Gill,Mujeeb Ur Rahman,,4,4,4,4,4,0,0,0,0,0,0,0,0,0,1,0,0,,,0,3.4,1,1,0,409587,-85.95,194.89,4,0,,28,GOOGLY,5,LOFTED OFF DRIVE,0,0,4,3,28,1,Leg stump,Good Length,0,0,0,0,0,0,0,0,,,,,,,,,,,,,,,,,,,,,,,,,,,,,,,,,,,,,,,,,,,,,,,,,,,,
1170,2,1,India,Shubman Gill,Mujeeb Ur Rahman,,4,5,0 WK,W,0,0,0,0,1,0,0,0,0,0,0,0,1,Stumped,WICKET,1,3.5,1,1,0,409588,-85.95,194.89,0,0,,28,GOOGLY,11,LOFTED ON DRIVE,0,0,5,3,28,2,Off stump,Good Length,1,0,0,0,0,0,0,0,,,,,,,,,,,,,,,,,,,,,,,,,,,,,,,,,,,,,,,,,,,,,,,,,,,,
1170,2,1,India,Shivam Dube,Mujeeb Ur Rahman,,4,6,0,0,0,0,0,0,1,0,0,0,0,0,0,0,0,,,0,3.6,1,1,0,409589,-63.85,37.88,0,0,,28,GOOGLY,97,BACKFOOT PUSH,0,0,6,3,28,2,Outside Off stump,Short of Good Length,2,0,0,0,0,0,0,0,,,,,,,,,,,,,,,,,,,,,,,,,,,,,,,,,,,,,,,,,,,,,,,,,,,,
1170,2,1,India,Tilak Varma,Mohammad Nabi,,5,1,0,0,0,0,0,0,1,0,0,0,0,0,0,0,0,,,0,4.1,1,1,0,409590,80.73,22.69,0,0,,25,OFF SPIN,52,BACKFOOT COVERDRIVE,0,0,1,4,28,2,Outside Off stump,Short of Good Length,3,0,0,0,0,0,0,0,,,,,,,,,,,,,,,,,,,,,,,,,,,,,,,,,,,,,,,,,,,,,,,,,,,,
1170,2,1,India,Tilak Varma,Mohammad Nabi,,5,2,1,1,1,1,0,0,0,0,0,0,0,0,0,0,0,,,0,4.2,1,1,0,409591,69.68,-13.68,1,0,,25,OFF SPIN,97,BACKFOOT PUSH,0,0,2,4,29,2,Outside Off stump,Short of Good Length,0,0,0,0,0,0,0,0,,,,,,,,,,,,,,,,,,,,,,,,,,,,,,,,,,,,,,,,,,,,,,,,,,,,
1170,2,1,India,Shivam Dube,Mohammad Nabi,,5,3,1,1,1,1,0,0,0,0,0,0,0,0,0,0,0,,,0,4.3,1,1,0,409592,105.13,134.58,1,0,,25,OFF SPIN,84,FRONTFOOT OFF DRIVE,0,0,3,4,30,2,Outside Off stump,Full Length,0,0,0,0,0,0,0,0,,,,,,,,,,,,,,,,,,,,,,,,,,,,,,,,,,,,,,,,,,,,,,,,,,,,
1170,2,1,India,Tilak Varma,Mohammad Nabi,,5,4,0,0,0,0,0,0,1,0,0,0,0,0,0,0,0,,,0,4.4,1,1,0,409593,83.03,13.02,0,0,,25,OFF SPIN,36,CUT SHOT,0,0,4,4,30,2,Outside Off stump,Good Length,0,0,0,0,0,0,0,0,,,,,,,,,,,,,,,,,,,,,,,,,,,,,,,,,,,,,,,,,,,,,,,,,,,,
1170,2,1,India,Tilak Varma,Mohammad Nabi,,5,5,1,1,1,1,0,0,0,0,0,0,0,0,0,0,0,,,0,4.5,1,1,0,409594,-82.72,-54.66,1,0,,25,OFF SPIN,97,BACKFOOT PUSH,0,0,5,4,31,2,Outside Off stump,Short of Good Length,0,0,0,0,0,0,0,0,,,,,,,,,,,,,,,,,,,,,,,,,,,,,,,,,,,,,,,,,,,,,,,,,,,,
1170,2,1,India,Shivam Dube,Mohammad Nabi,,5,6,5,5,5,0,0,0,0,0,0,0,0,0,0,0,0,,,0,4.6,1,1,0,409595,-58.32,-46.37,5,0,,25,OFF SPIN,97,BACKFOOT PUSH,0,0,6,4,36,2,Off stump,Good Length,0,0,0,0,0,0,0,0,,,,,,,,,,,,,,,,,,,,,,,,,,,,,,,,,,,,,,,,,,,,,,,,,,,,
1170,2,1,India,Shivam Dube,Mujeeb Ur Rahman,,6,1,0,0,0,0,0,0,1,0,0,0,0,0,0,0,0,,,0,5.1,1,1,0,409596,-64.31,39.73,0,0,,25,OFF SPIN,27,FORWARD PUSH,0,0,1,5,36,2,Off stump,Good Length,1,0,0,0,0,0,0,0,,,,,,,,,,,,,,,,,,,,,,,,,,,,,,,,,,,,,,,,,,,,,,,,,,,,
1170,2,1,India,Shivam Dube,Mujeeb Ur Rahman,,6,2,0,0,0,0,0,0,1,0,0,0,0,0,0,0,0,,,0,5.2,1,1,0,409597,-64.31,39.73,0,0,,25,OFF SPIN,84,FRONTFOOT OFF DRIVE,0,0,2,5,36,2,Outside Off stump,Good Length,0,0,0,0,0,0,0,0,,,,,,,,,,,,,,,,,,,,,,,,,,,,,,,,,,,,,,,,,,,,,,,,,,,,
1170,2,1,India,Shivam Dube,Mujeeb Ur Rahman,,6,3,0,0,0,0,0,0,1,0,0,0,0,0,0,0,0,,,0,5.3,1,1,0,409598,66.46,49.86,0,0,,25,OFF SPIN,27,FORWARD PUSH,0,0,3,5,36,2,Outside Off stump,Good Length,0,0,0,0,0,0,0,0,,,,,,,,,,,,,,,,,,,,,,,,,,,,,,,,,,,,,,,,,,,,,,,,,,,,
1170,2,1,India,Shivam Dube,Mujeeb Ur Rahman,,6,4,0,0,0,0,0,0,1,0,0,0,0,0,0,0,0,,,0,5.4,1,1,0,409599,77.51,68.27,0,0,,25,OFF SPIN,97,BACKFOOT PUSH,0,0,4,5,36,2,Outside Off stump,Good Length,0,0,0,0,0,0,0,0,,,,,,,,,,,,,,,,,,,,,,,,,,,,,,,,,,,,,,,,,,,,,,,,,,,,
1170,2,1,India,Shivam Dube,Mujeeb Ur Rahman,,6,5,0,0,0,0,0,0,1,0,0,0,0,0,0,0,0,,,0,5.5,1,1,0,409600,86.26,24.07,0,0,,28,GOOGLY,52,BACKFOOT COVERDRIVE,0,0,5,5,36,2,Outside Off stump,Short of Good Length,0,0,0,0,0,0,0,0,,,,,,,,,,,,,,,,,,,,,,,,,,,,,,,,,,,,,,,,,,,,,,,,,,,,
1170,2,1,India,Shivam Dube,Mujeeb Ur Rahman,,6,6,0,0,0,0,0,0,1,0,0,0,0,0,0,0,0,,,0,5.6,1,1,0,409601,85.33,-10.0,0,0,,33,CARROM BALL,59,FRONTFOOT SQUARE DRIVE,0,0,6,5,36,2,Outside Off stump,Good Length,0,0,0,0,0,0,0,0,,,,,,,,,,,,,,,,,,,,,,,,,,,,,,,,,,,,,,,,,,,,,,,,,,,,
1170,2,1,India,Tilak Varma,Mohammad Nabi,,7,1,1,1,1,1,0,0,0,0,0,0,0,0,0,0,0,,,0,6.1,1,1,0,409602,138.28,16.24,1,0,,25,OFF SPIN,16,BACKFOOT SQUARE DRIVE,0,0,1,6,37,2,Outside Off stump,Good Length,1,0,0,0,0,0,0,0,,,,,,,,,,,,,,,,,,,,,,,,,,,,,,,,,,,,,,,,,,,,,,,,,,,,
1170,2,1,India,Shivam Dube,Mohammad Nabi,,7,2,6,6,6,0,0,0,0,0,0,0,0,0,0,1,0,,,0,6.2,1,1,0,409603,-186.32,68.73,6,0,,25,OFF SPIN,95,SLOG SWEEP,0,0,2,6,43,2,Off stump,Full Length,0,0,0,0,0,0,0,0,,,,,,,,,,,,,,,,,,,,,,,,,,,,,,,,,,,,,,,,,,,,,,,,,,,,
1170,2,1,India,Shivam Dube,Mohammad Nabi,,7,3,1 (WD),1,0,0,0,0,0,1,1,0,0,0,0,0,0,,,0,6.3,1,1,1,409604,-186.32,68.73,1,0,,23,ARM BALL,54,LEG GLANCE,0,0,3,6,44,2,Off stump,Good Length,0,0,0,0,0,0,0,0,,,,,,,,,,,,,,,,,,,,,,,,,,,,,,,,,,,,,,,,,,,,,,,,,,,,
1170,2,1,India,Shivam Dube,Mohammad Nabi,,7,3,1,1,1,1,0,0,0,0,0,0,0,0,0,0,0,,,0,6.3,1,1,0,409605,144.73,-22.43,1,0,,25,OFF SPIN,59,FRONTFOOT SQUARE DRIVE,0,0,4,6,45,2,Wide outside Off stump,Full Length,0,0,0,0,0,0,0,0,,,,,,,,,,,,,,,,,,,,,,,,,,,,,,,,,,,,,,,,,,,,,,,,,,,,
1170,2,1,India,Tilak Varma,Mohammad Nabi,,7,4,1 (WD),1,0,0,0,0,0,1,1,0,0,0,0,0,0,,,0,6.4,1,1,1,409606,144.73,-22.43,1,0,,25,OFF SPIN,105,LEFT ALONE,0,0,5,6,46,2,Wide outside Off stump,Good Length,0,0,0,0,0,0,0,0,,,,,,,,,,,,,,,,,,,,,,,,,,,,,,,,,,,,,,,,,,,,,,,,,,,,
1170,2,1,India,Tilak Varma,Mohammad Nabi,,7,4,1,1,1,1,0,0,0,0,0,0,0,0,0,0,0,,,0,6.4,1,1,0,409607,-128.31,54.46,1,0,,25,OFF SPIN,40,FRONTFOOT FLICK,0,0,6,6,47,2,Middle stump,Full Length,0,0,0,0,0,0,0,0,,,,,,,,,,,,,,,,,,,,,,,,,,,,,,,,,,,,,,,,,,,,,,,,,,,,
1170,2,1,India,Shivam Dube,Mohammad Nabi,,7,5,1,1,1,1,0,0,0,0,0,0,0,0,0,0,0,,,0,6.5,1,1,0,409608,60.93,155.76,1,0,,25,OFF SPIN,84,FRONTFOOT OFF DRIVE,0,0,7,6,48,2,Outside Off stump,Full Length,0,0,0,0,0,0,0,0,,,,,,,,,,,,,,,,,,,,,,,,,,,,,,,,,,,,,,,,,,,,,,,,,,,,
1170,2,1,India,Tilak Varma,Mohammad Nabi,,7,6,4,4,4,0,0,0,0,0,0,0,0,0,1,0,0,,,0,6.6,1,1,0,409609,154.86,118.92,4,0,,25,OFF SPIN,114,STEP DOWN LOFTED COVER DRIVE,0,0,8,6,52,2,Outside Off stump,Full Length,0,1,1,0,1,0,0,0,,,,,,,,,,,,,,,,,,,,,,,,,,,,,,,,,,,,,,,,,,,,,,,,,,,,
1170,2,1,India,Shivam Dube,Naveen-ul-Haq,,8,1,1,1,1,1,0,0,0,0,0,0,0,0,0,0,0,,,0,7.1,1,1,0,409610,-50.49,93.6,1,0,,39,ANGLED IN,97,BACKFOOT PUSH,0,0,1,7,53,2,Outside Off stump,Short of Good Length,1,0,1,0,0,0,0,0,,,,,,,,,,,,,,,,,,,,,,,,,,,,,,,,,,,,,,,,,,,,,,,,,,,,
1170,2,1,India,Tilak Varma,Naveen-ul-Haq,,8,2,6,6,6,0,0,0,0,0,0,0,0,0,0,1,0,,,0,7.2,1,1,0,409611,-149.03,-69.4,6,0,,39,ANGLED IN,58,BACKFOOT PULL SHOT,0,0,2,7,59,2,Outside Off stump,Short of Good Length,0,0,1,0,0,0,0,0,,,,,,,,,,,,,,,,,,,,,,,,,,,,,,,,,,,,,,,,,,,,,,,,,,,,
1170,2,1,India,Tilak Varma,Naveen-ul-Haq,,8,3,1,1,1,1,0,0,0,0,0,0,0,0,0,0,0,,,0,7.3,1,1,0,409612,30.54,94.06,1,0,,39,ANGLED IN,84,FRONTFOOT OFF DRIVE,0,0,3,7,60,2,Outside Off stump,Full Length,0,0,1,0,0,0,0,0,,,,,,,,,,,,,,,,,,,,,,,,,,,,,,,,,,,,,,,,,,,,,,,,,,,,
1170,2,1,India,Shivam Dube,Naveen-ul-Haq,,8,4,1,1,1,1,0,0,0,0,0,0,0,0,0,0,0,,,0,7.4,1,1,0,409613,-133.83,72.42,1,0,,38,STRAIGHT BALL,58,BACKFOOT PULL SHOT,0,0,4,7,61,2,Outside Off stump,Short Length,0,0,1,0,0,0,0,0,,,,,,,,,,,,,,,,,,,,,,,,,,,,,,,,,,,,,,,,,,,,,,,,,,,,
1170,2,1,India,Tilak Varma,Naveen-ul-Haq,,8,5,1,1,1,1,0,0,0,0,0,0,0,0,0,0,0,,,0,7.5,1,1,0,409614,131.84,14.4,1,0,,47,SLOWER BALL,15,LOFTED COVER DRIVE,0,0,5,7,62,2,Outside Off stump,Short of Good Length,0,0,1,0,0,0,0,0,,,,,,,,,,,,,,,,,,,,,,,,,,,,,,,,,,,,,,,,,,,,,,,,,,,,
1170,2,1,India,Shivam Dube,Naveen-ul-Haq,,8,6,4,4,4,0,0,0,0,0,0,0,0,0,1,0,0,,,0,7.6,1,1,0,409615,-135.67,-90.58,4,0,,39,ANGLED IN,58,BACKFOOT PULL SHOT,0,0,6,7,66,2,Outside Off stump,Short Length,0,0,1,0,0,0,0,0,,,,,,,,,,,,,,,,,,,,,,,,,,,,,,,,,,,,,,,,,,,,,,,,,,,,
1170,2,1,India,Tilak Varma,Azmatullah Omarzai,,9,1,1,1,1,1,0,0,0,0,0,0,0,0,0,0,0,,,0,8.1,1,1,0,409616,-111.27,76.1,1,0,,38,STRAIGHT BALL,47,FRONTFOOT ON DRIVE,0,0,1,8,67,2,Middle stump,Good Length,1,0,1,0,0,0,0,0,,,,,,,,,,,,,,,,,,,,,,,,,,,,,,,,,,,,,,,,,,,,,,,,,,,,
1170,2,1,India,Shivam Dube,Azmatullah Omarzai,,9,2,1,1,1,1,0,0,0,0,0,0,0,0,0,0,0,,,0,8.2,1,1,0,409617,-91.93,132.73,1,0,,38,STRAIGHT BALL,58,BACKFOOT PULL SHOT,0,0,2,8,68,2,Outside Leg stump,Short Length,0,0,1,0,0,0,0,0,,,,,,,,,,,,,,,,,,,,,,,,,,,,,,,,,,,,,,,,,,,,,,,,,,,,
1170,2,1,India,Tilak Varma,Azmatullah Omarzai,,9,3,4,4,4,0,0,0,0,0,0,0,0,0,1,0,0,,,0,8.3,1,1,0,409618,161.77,-49.6,4,0,,30,ANGLED ACROSS,36,CUT SHOT,0,0,3,8,72,2,Leg stump,Short of Good Length,0,0,1,0,0,0,0,0,,,,,,,,,,,,,,,,,,,,,,,,,,,,,,,,,,,,,,,,,,,,,,,,,,,,
1170,2,1,India,Tilak Varma,Azmatullah Omarzai,,9,4,0 WK,W,0,0,0,0,1,0,0,0,0,0,0,0,1,Caught,WICKET,1,8.4,1,1,0,409619,-139.82,-52.36,0,0,,38,STRAIGHT BALL,58,BACKFOOT PULL SHOT,0,0,4,8,72,3,Outside Leg stump,Short of Good Length,1,0,1,0,0,0,0,0,,,,,,,,,,,,,,,,,,,,,,,,,,,,,,,,,,,,,,,,,,,,,,,,,,,,
1170,2,1,India,Jitesh Sharma,Azmatullah Omarzai,,9,5,1,1,1,1,0,0,0,0,0,0,0,0,0,0,0,,,0,8.5,1,1,0,409620,-89.17,-74.92,1,0,,38,STRAIGHT BALL,44,GLIDE,0,0,5,8,73,3,Outside Off stump,Short of Good Length,2,0,1,0,0,0,0,0,,,,,,,,,,,,,,,,,,,,,,,,,,,,,,,,,,,,,,,,,,,,,,,,,,,,
1170,2,1,India,Shivam Dube,Azmatullah Omarzai,,9,6,1,1,1,1,0,0,0,0,0,0,0,0,0,0,0,,,0,8.6,1,1,0,409621,-88.25,118.92,1,0,,38,STRAIGHT BALL,101,BACKFOOT ON DRIVE,0,0,6,8,74,3,Outside Leg stump,Short of Good Length,0,0,1,0,0,0,0,0,,,,,,,,,,,,,,,,,,,,,,,,,,,,,,,,,,,,,,,,,,,,,,,,,,,,
1170,2,1,India,Shivam Dube,Naveen-ul-Haq,,10,1,2,2,2,0,1,0,0,0,0,0,0,0,0,0,0,,,0,9.1,1,1,0,409622,-136.13,-54.2,2,0,,38,STRAIGHT BALL,58,BACKFOOT PULL SHOT,0,0,1,9,76,3,Outside Leg stump,Short of Good Length,1,0,1,0,0,0,0,0,,,,,,,,,,,,,,,,,,,,,,,,,,,,,,,,,,,,,,,,,,,,,,,,,,,,
1170,2,1,India,Shivam Dube,Naveen-ul-Haq,,10,2,1,1,1,1,0,0,0,0,0,0,0,0,0,0,0,,,0,9.2,1,1,0,409623,-134.75,-4.94,1,0,,47,SLOWER BALL,40,FRONTFOOT FLICK,0,0,2,9,77,3,Outside Leg stump,Good Length,0,0,1,0,0,0,0,0,,,,,,,,,,,,,,,,,,,,,,,,,,,,,,,,,,,,,,,,,,,,,,,,,,,,
1170,2,1,India,Jitesh Sharma,Naveen-ul-Haq,,10,3,4,4,4,0,0,0,0,0,0,0,0,0,1,0,0,,,0,9.3,1,1,0,409624,51.26,-141.22,4,0,,38,STRAIGHT BALL,57,HOOK SHOT,0,0,3,9,81,3,Outside Off stump,Short Length,0,0,1,0,0,0,0,0,,,,,,,,,,,,,,,,,,,,,,,,,,,,,,,,,,,,,,,,,,,,,,,,,,,,
1170,2,1,India,Jitesh Sharma,Naveen-ul-Haq,,10,4,0,0,0,0,0,0,1,0,0,0,0,0,0,0,0,,,0,9.4,1,1,0,409625,51.26,-141.22,0,0,,38,STRAIGHT BALL,36,CUT SHOT,0,0,4,9,81,3,Outside Off stump,Short of Good Length,0,0,1,0,0,0,0,0,,,,,,,,,,,,,,,,,,,,,,,,,,,,,,,,,,,,,,,,,,,,,,,,,,,,
1170,2,1,India,Jitesh Sharma,Naveen-ul-Haq,,10,5,1,1,1,1,0,0,0,0,0,0,0,0,0,0,0,,,0,9.5,1,1,0,409626,135.98,-33.02,1,0,,47,SLOWER BALL,40,FRONTFOOT FLICK,0,0,5,9,82,3,Off stump,Full Length,0,0,1,0,0,0,0,0,,,,,,,,,,,,,,,,,,,,,,,,,,,,,,,,,,,,,,,,,,,,,,,,,,,,
1170,2,1,India,Shivam Dube,Naveen-ul-Haq,,10,6,1,1,1,1,0,0,0,0,0,0,0,0,0,0,0,,,0,9.6,1,1,0,409627,-84.56,139.18,1,0,,38,STRAIGHT BALL,101,BACKFOOT ON DRIVE,0,0,6,9,83,3,Outside Leg stump,Short of Good Length,0,0,1,0,0,0,0,0,,,,,,,,,,,,,,,,,,,,,,,,,,,,,,,,,,,,,,,,,,,,,,,,,,,,
1170,2,1,India,Shivam Dube,Azmatullah Omarzai,,11,1,0,0,0,0,0,0,1,0,0,0,0,0,0,0,0,,,0,10.1,1,1,0,409628,-44.97,-47.29,0,0,,38,STRAIGHT BALL,54,LEG GLANCE,0,0,1,10,83,3,Outside Leg stump,Short of Good Length,1,0,1,0,0,0,0,0,,,,,,,,,,,,,,,,,,,,,,,,,,,,,,,,,,,,,,,,,,,,,,,,,,,,
1170,2,1,India,Shivam Dube,Azmatullah Omarzai,,11,2,1,1,1,1,0,0,0,0,0,0,0,0,0,0,0,,,0,10.2,1,1,0,409629,59.09,157.14,1,0,,38,STRAIGHT BALL,84,FRONTFOOT OFF DRIVE,0,0,2,10,84,3,Middle stump,Good Length,0,0,1,0,0,0,0,0,,,,,,,,,,,,,,,,,,,,,,,,,,,,,,,,,,,,,,,,,,,,,,,,,,,,
1170,2,1,India,Jitesh Sharma,Azmatullah Omarzai,,11,3,0,0,0,0,0,0,1,0,0,0,0,0,0,0,0,,,0,10.3,1,1,0,409630,-12.74,46.63,0,0,,38,STRAIGHT BALL,50,BACKFOOT DEFENCE,0,0,3,10,84,3,Outside Off stump,Short of Good Length,0,0,1,0,0,0,0,0,,,,,,,,,,,,,,,,,,,,,,,,,,,,,,,,,,,,,,,,,,,,,,,,,,,,
1170,2,1,India,Jitesh Sharma,Azmatullah Omarzai,,11,4,1,1,1,1,0,0,0,0,0,0,0,0,0,0,0,,,0,10.4,1,1,0,409631,85.33,125.83,1,0,,38,STRAIGHT BALL,97,BACKFOOT PUSH,0,0,4,10,85,3,Outside Off stump,Short of Good Length,0,0,1,0,0,0,0,0,,,,,,,,,,,,,,,,,,,,,,,,,,,,,,,,,,,,,,,,,,,,,,,,,,,,
1170,2,1,India,Shivam Dube,Azmatullah Omarzai,,11,5,1,1,1,1,0,0,0,0,0,0,0,0,0,0,0,,,0,10.5,1,1,0,409632,-125.08,54.92,1,0,,38,STRAIGHT BALL,40,FRONTFOOT FLICK,0,0,5,10,86,3,Outside Leg stump,Good Length,0,0,1,0,0,0,0,0,,,,,,,,,,,,,,,,,,,,,,,,,,,,,,,,,,,,,,,,,,,,,,,,,,,,
1170,2,1,India,Jitesh Sharma,Azmatullah Omarzai,,11,6,4,4,4,0,0,0,0,0,0,0,0,0,1,0,0,,,0,10.6,1,1,0,409633,-144.88,-76.76,4,0,,47,SLOWER BALL,36,CUT SHOT,0,0,6,10,90,3,Outside Off stump,Full Toss,0,0,1,0,0,0,0,0,,,,,,,,,,,,,,,,,,,,,,,,,,,,,,,,,,,,,,,,,,,,,,,,,,,,
1170,2,1,India,Shivam Dube,Gulbadin Naib,,12,1,4,4,4,0,0,0,0,0,0,0,0,0,1,0,0,,,0,11.1,1,1,0,409634,163.61,131.35,4,0,,47,SLOWER BALL,51,FRONTFOOT COVERDRIVE,0,0,1,11,94,3,Outside Off stump,Full Toss,1,0,1,0,0,0,0,0,,,,,,,,,,,,,,,,,,,,,,,,,,,,,,,,,,,,,,,,,,,,,,,,,,,,
1170,2,1,India,Shivam Dube,Gulbadin Naib,,12,2,1,1,1,1,0,0,0,0,0,0,0,0,0,0,0,,,0,11.2,1,1,0,409635,-133.83,-52.36,1,0,,38,STRAIGHT BALL,54,LEG GLANCE,0,0,2,11,95,3,Outside Leg stump,Short of Good Length,0,0,1,0,0,0,0,0,,,,,,,,,,,,,,,,,,,,,,,,,,,,,,,,,,,,,,,,,,,,,,,,,,,,
1170,2,1,India,Jitesh Sharma,Gulbadin Naib,,12,3,0,0,0,0,0,0,1,0,0,0,0,0,0,0,0,,,0,11.3,1,1,0,409636,-25.17,57.68,0,0,,47,SLOWER BALL,84,FRONTFOOT OFF DRIVE,0,0,3,11,95,3,Outside Off stump,Full Length,0,0,1,0,0,0,0,0,,,,,,,,,,,,,,,,,,,,,,,,,,,,,,,,,,,,,,,,,,,,,,,,,,,,
1170,2,1,India,Jitesh Sharma,Gulbadin Naib,,12,4,4,4,4,0,0,0,0,0,0,0,0,0,1,0,0,,,0,11.4,1,1,0,409637,-170.67,81.17,4,0,,38,STRAIGHT BALL,36,CUT SHOT,0,0,4,11,99,3,Outside Off stump,Short of Good Length,0,0,1,0,0,0,0,0,,,,,,,,,,,,,,,,,,,,,,,,,,,,,,,,,,,,,,,,,,,,,,,,,,,,
1170,2,1,India,Jitesh Sharma,Gulbadin Naib,,12,5,2,2,2,0,1,0,0,0,0,0,0,0,0,0,0,,,0,11.5,1,1,0,409638,-157.31,73.34,2,0,,47,SLOWER BALL,15,LOFTED COVER DRIVE,0,0,5,11,101,3,Outside Off stump,Good Length,0,1,2,0,0,1,0,0,,,,,,,,,,,,,,,,,,,,,,,,,,,,,,,,,,,,,,,,,,,,,,,,,,,,
1170,2,1,India,Jitesh Sharma,Gulbadin Naib,,12,6,1,1,1,1,0,0,0,0,0,0,0,0,0,0,0,,,0,11.6,1,1,0,409639,-149.49,66.89,1,0,,38,STRAIGHT BALL,51,FRONTFOOT COVERDRIVE,0,0,6,11,102,3,Outside Off stump,Full Length,0,0,2,0,0,0,0,0,,,,,,,,,,,,,,,,,,,,,,,,,,,,,,,,,,,,,,,,,,,,,,,,,,,,
1170,2,1,India,Jitesh Sharma,Azmatullah Omarzai,,13,1,4,4,4,0,0,0,0,0,0,0,0,0,1,0,0,,,0,12.1,1,1,0,409640,150.72,-65.25,4,0,,38,STRAIGHT BALL,11,LOFTED ON DRIVE,0,0,1,12,106,3,Off stump,Short of Good Length,1,0,2,0,0,0,0,0,,,,,,,,,,,,,,,,,,,,,,,,,,,,,,,,,,,,,,,,,,,,,,,,,,,,
1170,2,1,India,Jitesh Sharma,Azmatullah Omarzai,,13,2,2,2,2,0,1,0,0,0,0,0,0,0,0,0,0,,,0,12.2,1,1,0,409641,160.85,54.46,2,0,,47,SLOWER BALL,18,SLOG SHOT,0,0,2,12,108,3,Outside Off stump,Good Length,0,0,2,0,0,0,0,0,,,,,,,,,,,,,,,,,,,,,,,,,,,,,,,,,,,,,,,,,,,,,,,,,,,,
1170,2,1,India,Jitesh Sharma,Azmatullah Omarzai,,13,3,2,2,2,0,1,0,0,0,0,0,0,0,0,0,0,,,0,12.3,1,1,0,409642,109.74,43.41,2,0,,47,SLOWER BALL,40,FRONTFOOT FLICK,0,0,3,12,110,3,Outside Off stump,Good Length,0,0,2,0,0,0,0,0,,,,,,,,,,,,,,,,,,,,,,,,,,,,,,,,,,,,,,,,,,,,,,,,,,,,
1170,2,1,India,Jitesh Sharma,Azmatullah Omarzai,,13,4,1,1,1,1,0,0,0,0,0,0,0,0,0,0,0,,,0,12.4,1,1,0,409643,-106.67,128.13,1,0,,38,STRAIGHT BALL,84,FRONTFOOT OFF DRIVE,0,0,4,12,111,3,Outside Off stump,Full Length,0,0,2,0,0,0,0,0,,,,,,,,,,,,,,,,,,,,,,,,,,,,,,,,,,,,,,,,,,,,,,,,,,,,
1170,2,1,India,Shivam Dube,Azmatullah Omarzai,,13,5,1,1,1,1,0,0,0,0,0,0,0,0,0,0,0,,,0,12.5,1,1,0,409644,114.8,47.55,1,0,,30,ANGLED ACROSS,52,BACKFOOT COVERDRIVE,0,0,5,12,112,3,Off stump,Short of Good Length,0,0,2,0,0,0,0,0,,,,,,,,,,,,,,,,,,,,,,,,,,,,,,,,,,,,,,,,,,,,,,,,,,,,
1170,2,1,India,Jitesh Sharma,Azmatullah Omarzai,,13,6,0,0,0,0,0,0,1,0,0,0,0,0,0,0,0,,,0,12.6,1,1,0,409645,19.49,-39.47,0,0,,47,SLOWER BALL,101,BACKFOOT ON DRIVE,0,0,6,12,112,3,Outside Off stump,Short of Good Length,0,0,2,0,0,0,0,0,,,,,,,,,,,,,,,,,,,,,,,,,,,,,,,,,,,,,,,,,,,,,,,,,,,,
1170,2,1,India,Shivam Dube,Mujeeb Ur Rahman,,14,1,1,1,1,1,0,0,0,0,0,0,0,0,0,0,0,,,0,13.1,1,1,0,409646,98.69,145.63,1,0,,25,OFF SPIN,84,FRONTFOOT OFF DRIVE,0,0,1,13,113,3,Outside Off stump,Short of Good Length,1,0,2,0,0,0,0,0,,,,,,,,,,,,,,,,,,,,,,,,,,,,,,,,,,,,,,,,,,,,,,,,,,,,
1170,2,1,India,Jitesh Sharma,Mujeeb Ur Rahman,,14,2,0,0,0,0,0,0,1,0,0,0,0,0,0,0,0,,,0,13.2,1,1,0,409647,98.69,145.63,0,0,,25,OFF SPIN,58,BACKFOOT PULL SHOT,0,0,2,13,113,3,Outside Off stump,Short of Good Length,0,0,2,0,0,0,0,0,,,,,,,,,,,,,,,,,,,,,,,,,,,,,,,,,,,,,,,,,,,,,,,,,,,,
1170,2,1,India,Jitesh Sharma,Mujeeb Ur Rahman,,14,3,4,4,4,0,0,0,0,0,0,0,0,0,1,0,0,,,0,13.3,1,1,0,409648,142.89,-69.4,4,0,,28,GOOGLY,55,SWEEP SHOT,0,0,3,13,117,3,Leg stump,Full Length,0,0,2,0,0,0,0,0,,,,,,,,,,,,,,,,,,,,,,,,,,,,,,,,,,,,,,,,,,,,,,,,,,,,
1170,2,1,India,Jitesh Sharma,Mujeeb Ur Rahman,,14,4,0,0,0,0,0,0,1,0,0,0,0,0,0,0,0,,,0,13.4,1,1,0,409649,-16.42,59.99,0,0,,25,OFF SPIN,49,FORWARD DEFENCE,0,0,4,13,117,3,Outside Off stump,Good Length,0,0,2,0,0,0,0,0,,,,,,,,,,,,,,,,,,,,,,,,,,,,,,,,,,,,,,,,,,,,,,,,,,,,
1170,2,1,India,Jitesh Sharma,Mujeeb Ur Rahman,,14,5,0 WK,W,0,0,0,0,1,0,0,0,0,0,0,0,1,Caught,WICKET,1,13.5,1,1,0,409650,95.0,134.12,0,0,,28,GOOGLY,58,BACKFOOT PULL SHOT,0,0,5,13,117,4,Outside Off stump,Short of Good Length,1,0,2,0,0,0,0,0,,,,,,,,,,,,,,,,,,,,,,,,,,,,,,,,,,,,,,,,,,,,,,,,,,,,
1170,2,1,India,Rinku Singh,Mujeeb Ur Rahman,,14,6,4,4,4,0,0,0,0,0,0,0,0,0,1,0,0,,,0,13.6,1,1,0,409651,-55.56,-138.46,4,0,,23,ARM BALL,54,LEG GLANCE,0,0,6,13,121,4,Off stump,Good Length,2,0,2,0,0,0,0,0,,,,,,,,,,,,,,,,,,,,,,,,,,,,,,,,,,,,,,,,,,,,,,,,,,,,
1170,2,1,India,Shivam Dube,Fazalhaq Farooqi,,15,1,0,0,0,0,0,0,1,0,0,0,0,0,0,0,0,,,0,14.1,1,1,0,409652,55.87,34.66,0,0,,38,STRAIGHT BALL,97,BACKFOOT PUSH,0,0,1,14,121,4,,,3,0,2,0,0,0,0,0,,,,,,,,,,,,,,,,,,,,,,,,,,,,,,,,,,,,,,,,,,,,,,,,,,,,
1170,2,1,India,Shivam Dube,Fazalhaq Farooqi,,15,2,4,4,4,0,0,0,0,0,0,0,0,0,1,0,0,,,0,14.2,1,1,0,409653,163.61,117.54,4,0,,38,STRAIGHT BALL,51,FRONTFOOT COVERDRIVE,0,0,2,14,125,4,Outside Off stump,Full Length,0,0,2,0,0,0,0,0,,,,,,,,,,,,,,,,,,,,,,,,,,,,,,,,,,,,,,,,,,,,,,,,,,,,
1170,2,1,India,Shivam Dube,Fazalhaq Farooqi,,15,3,1,1,1,1,0,0,0,0,0,0,0,0,0,0,0,,,0,14.3,1,1,0,409654,126.77,59.99,1,0,,47,SLOWER BALL,27,FORWARD PUSH,0,0,3,14,126,4,Outside Off stump,Good Length,0,0,2,0,0,0,0,0,,,,,,,,,,,,,,,,,,,,,,,,,,,,,,,,,,,,,,,,,,,,,,,,,,,,
1170,2,1,India,Rinku Singh,Fazalhaq Farooqi,,15,4,2,2,2,0,1,0,0,0,0,0,0,0,0,0,0,,,0,14.4,1,1,0,409655,-139.36,117.08,2,0,,38,STRAIGHT BALL,58,BACKFOOT PULL SHOT,0,0,4,14,128,4,Outside Off stump,Short of Good Length,0,0,2,0,0,0,0,0,,,,,,,,,,,,,,,,,,,,,,,,,,,,,,,,,,,,,,,,,,,,,,,,,,,,
1170,2,1,India,Rinku Singh,Fazalhaq Farooqi,,15,5,1 (WD),1,0,0,0,0,0,1,1,0,0,0,0,0,0,,,0,14.5,1,1,1,409656,-139.36,117.08,1,0,,38,STRAIGHT BALL,105,LEFT ALONE,0,0,5,14,129,4,Outside Off stump,Short Length,0,0,2,0,0,0,0,0,,,,,,,,,,,,,,,,,,,,,,,,,,,,,,,,,,,,,,,,,,,,,,,,,,,,
1170,2,1,India,Rinku Singh,Fazalhaq Farooqi,,15,5,1,1,1,1,0,0,0,0,0,0,0,0,0,0,0,,,0,14.5,1,1,0,409657,-145.8,53.08,1,0,,38,STRAIGHT BALL,58,BACKFOOT PULL SHOT,0,0,6,14,130,4,Outside Off stump,Short Length,0,0,2,0,0,0,0,0,,,,,,,,,,,,,,,,,,,,,,,,,,,,,,,,,,,,,,,,,,,,,,,,,,,,
1170,2,1,India,Shivam Dube,Fazalhaq Farooqi,,15,6,1,1,1,1,0,0,0,0,0,0,0,0,0,0,0,,,0,14.6,1,1,0,409658,-125.08,-44.99,1,0,,47,SLOWER BALL,97,BACKFOOT PUSH,0,0,7,14,131,4,Outside Off stump,Short of Good Length,0,0,2,0,0,0,0,0,,,,,,,,,,,,,,,,,,,,,,,,,,,,,,,,,,,,,,,,,,,,,,,,,,,,
1170,2,1,India,Shivam Dube,Naveen-ul-Haq,,16,1,4,4,4,0,0,0,0,0,0,0,0,0,1,0,0,,,0,15.1,1,1,0,409659,-178.03,88.53,4,0,,39,ANGLED IN,58,BACKFOOT PULL SHOT,0,0,1,15,135,4,Outside Off stump,Short of Good Length,1,0,2,0,0,0,0,0,,,,,,,,,,,,,,,,,,,,,,,,,,,,,,,,,,,,,,,,,,,,,,,,,,,,
1170,2,1,India,Shivam Dube,Naveen-ul-Haq,,16,2,1,1,1,1,0,0,0,0,0,0,0,0,0,0,0,,,0,15.2,1,1,0,409660,31.92,173.25,1,0,,39,ANGLED IN,5,LOFTED OFF DRIVE,0,0,2,15,136,4,Off stump,Full Length,0,0,2,0,0,0,0,0,,,,,,,,,,,,,,,,,,,,,,,,,,,,,,,,,,,,,,,,,,,,,,,,,,,,
1170,2,1,India,Rinku Singh,Naveen-ul-Haq,,16,3,1,1,1,1,0,0,0,0,0,0,0,0,0,0,0,,,0,15.3,1,1,0,409661,-126.0,-45.91,1,0,,38,STRAIGHT BALL,58,BACKFOOT PULL SHOT,0,0,3,15,137,4,Outside Off stump,Short of Good Length,0,0,2,0,0,0,0,0,,,,,,,,,,,,,,,,,,,,,,,,,,,,,,,,,,,,,,,,,,,,,,,,,,,,
1170,2,1,India,Shivam Dube,Naveen-ul-Haq,,16,4,1,1,1,1,0,0,0,0,0,0,0,0,0,0,0,,,0,15.4,1,1,0,409662,-134.29,47.55,1,0,,47,SLOWER BALL,18,SLOG SHOT,0,0,4,15,138,4,Outside Off stump,Short of Good Length,0,0,2,0,0,0,0,0,,,,,,,,,,,,,,,,,,,,,,,,,,,,,,,,,,,,,,,,,,,,,,,,,,,,
1170,2,1,India,Rinku Singh,Naveen-ul-Haq,,16,5,1,1,1,1,0,0,0,0,0,0,0,0,0,0,0,,,0,15.5,1,1,0,409663,-137.97,48.47,1,0,,39,ANGLED IN,54,LEG GLANCE,0,0,5,15,139,4,Outside Off stump,Short of Good Length,0,0,2,0,0,0,0,0,,,,,,,,,,,,,,,,,,,,,,,,,,,,,,,,,,,,,,,,,,,,,,,,,,,,
1170,2,1,India,Shivam Dube,Naveen-ul-Haq,,16,6,1,1,1,1,0,0,0,0,0,0,0,0,0,0,0,,,0,15.6,1,1,0,409664,-117.72,-31.64,1,0,,39,ANGLED IN,40,FRONTFOOT FLICK,0,0,6,15,140,4,Off stump,Good Length,0,0,2,0,0,0,0,0,,,,,,,,,,,,,,,,,,,,,,,,,,,,,,,,,,,,,,,,,,,,,,,,,,,,
1170,2,1,India,Shivam Dube,Azmatullah Omarzai,,17,1,1,1,1,1,0,0,0,0,0,0,0,0,0,0,0,,,0,16.1,1,1,0,409665,43.44,172.79,1,0,,38,STRAIGHT BALL,84,FRONTFOOT OFF DRIVE,0,0,1,16,141,4,Middle stump,Short of Good Length,1,0,2,0,0,0,0,0,,,,,,,,,,,,,,,,,,,,,,,,,,,,,,,,,,,,,,,,,,,,,,,,,,,,
1170,2,1,India,Rinku Singh,Azmatullah Omarzai,,17,2,4,4,4,0,0,0,0,0,0,0,0,0,1,0,0,,,0,16.2,1,1,0,409666,124.01,-104.85,4,0,,30,ANGLED ACROSS,44,GLIDE,0,0,2,16,145,4,Off stump,Short of Good Length,0,0,2,0,0,0,0,0,,,,,,,,,,,,,,,,,,,,,,,,,,,,,,,,,,,,,,,,,,,,,,,,,,,,
1170,2,1,India,Rinku Singh,Azmatullah Omarzai,,17,3,1,1,1,1,0,0,0,0,0,0,0,0,0,0,0,,,0,16.3,1,1,0,409667,144.27,11.64,1,0,,38,STRAIGHT BALL,59,FRONTFOOT SQUARE DRIVE,0,0,3,16,146,4,Off stump,Full Length,0,0,2,0,0,0,0,0,,,,,,,,,,,,,,,,,,,,,,,,,,,,,,,,,,,,,,,,,,,,,,,,,,,,
1170,2,1,India,Shivam Dube,Azmatullah Omarzai,,17,4,0,0,0,0,0,0,1,0,0,0,0,0,0,0,0,,,0,16.4,1,1,0,409668,144.27,11.64,0,0,,30,ANGLED ACROSS,51,FRONTFOOT COVERDRIVE,0,0,4,16,146,4,Outside Off stump,Good Length,0,0,2,0,0,0,0,0,,,,,,,,,,,,,,,,,,,,,,,,,,,,,,,,,,,,,,,,,,,,,,,,,,,,
1170,2,1,India,Shivam Dube,Azmatullah Omarzai,,17,5,1,1,1,1,0,0,0,0,0,0,0,0,0,0,0,,,0,16.5,1,1,0,409669,-129.23,-54.66,1,0,,38,STRAIGHT BALL,40,FRONTFOOT FLICK,0,0,5,16,147,4,Outside Leg stump,Full Length,0,0,2,0,0,0,0,0,,,,,,,,,,,,,,,,,,,,,,,,,,,,,,,,,,,,,,,,,,,,,,,,,,,,
1170,2,1,India,Rinku Singh,Azmatullah Omarzai,,17,6,1,1,1,1,0,0,0,0,0,0,0,0,0,0,0,,,0,16.6,1,1,0,409670,64.62,50.78,1,0,,38,STRAIGHT BALL,51,FRONTFOOT COVERDRIVE,0,0,6,16,148,4,Outside Off stump,Full Length,0,0,2,0,0,0,0,0,,,,,,,,,,,,,,,,,,,,,,,,,,,,,,,,,,,,,,,,,,,,,,,,,,,,
1170,2,1,India,Rinku Singh,Naveen-ul-Haq,,18,1,1,1,1,1,0,0,0,0,0,0,0,0,0,0,0,,,0,17.1,1,1,0,409671,-108.05,-71.24,1,0,,39,ANGLED IN,58,BACKFOOT PULL SHOT,0,0,1,17,149,4,Outside Off stump,Short of Good Length,1,0,2,0,0,0,0,0,,,,,,,,,,,,,,,,,,,,,,,,,,,,,,,,,,,,,,,,,,,,,,,,,,,,
1170,2,1,India,Shivam Dube,Naveen-ul-Haq,,18,2,6,6,6,0,0,0,0,0,0,0,0,0,0,1,0,,,0,17.2,1,1,0,409672,9.36,215.61,6,0,https://scores.bcci.tv/matchcentre/commentaryFiles/Afghanistan-Tour-of-India-T20-Series-2023-24/India-VS-Afghanistan-(11-Jan-2024)/File_2-18-409672.png,39,ANGLED IN,13,LOFTED STRAIGHT,0,0,2,17,155,4,Off stump,Full Length,0,1,3,0,0,0,0,0,,,,,,,,,,,,,,,,,,,,,,,,,,,,,,,,,,,,,,,,,,,,,,,,,,,,
1170,2,1,India,Shivam Dube,Naveen-ul-Haq,,18,3,4,4,4,0,0,0,0,0,0,0,0,0,1,0,0,,,0,17.3,1,1,0,409673,-95.62,-120.5,4,0,,38,STRAIGHT BALL,58,BACKFOOT PULL SHOT,0,0,3,17,159,4,Outside Off stump,Short Length,0,0,3,0,0,0,0,0,,,,,,,,,,,,,,,,,,,,,,,,,,,,,,,,,,,,,,,,,,,,,,,,,,,,
