,ActualBallNo,MatchID,InningsNo,BattingTeamID,TeamName,BatsManName,BowlerName,BowlerType,OverNo,BallNo,Runs,BallRuns,ActualRuns,IsOne,IsTwo,IsThree,IsDotball,Extras,IsWide,IsNoBall,IsBye,IsLegBye,IsFour,IsSix,IsWicket,WicketType,Wickets,IsBowlerWicket,BallName,Day,SESSION_NO,IsExtra,SNO,Xpitch,Ypitch,RunRuns,IsMaiden,OverImage,BowlTypeID,BowlTypeName,ShotTypeID,ShotType,IsBouncer,IsFreeHit,BallCount,BCCheck,TotalRuns,TotalWickets,BOWLING_LINE_ID,BOWLING_LENGTH_ID,FiveHaul,Flag,FlagSet,PenaltyRuns,IsFifty,IsHundred,IsTwoHundred,IsHattrick
0,1,176,1,1,India,K L Rahul,Tim Southee,,1,1,0,0,0,0,0,0,1,0,0,0,0,0,0,0,0,,,0,0.1,1,1,0,79378,-87.00,11.00,0,0,,39,ANGLED IN,16,BACKFOOT SQUARE DRIVE,0,0,1,0,0,0,Outside Off stump,Short of Good Length,1,0,0,0,0,0,0,0
1,2,176,1,1,India,K L Rahul,Tim Southee,,1,2,4,4,4,0,0,0,0,0,0,0,0,0,1,0,0,,,0,0.2,1,1,0,79379,-169.00,-14.00,4,0,,42,OUTSWINGER,36,CUT SHOT,0,0,2,0,4,0,Outside Off stump,Good Length,0,0,0,0,0,0,0,0
2,3,176,1,1,India,K L Rahul,Tim Southee,,1,3,1,1,1,1,0,0,0,0,0,0,0,0,0,0,0,,,0,0.3,1,1,0,79380,-44.00,57.00,1,0,,42,OUTSWINGER,84,FRONTFOOT OFF DRIVE,0,0,3,0,5,0,Outside Off stump,Good Length,0,0,0,0,0,0,0,0
3,4,176,1,1,India,Sanju Samson,Tim Southee,,1,4,1,1,1,1,0,0,0,0,0,0,0,0,0,0,0,,,0,0.4,1,1,0,79381,59.00,-10.00,1,0,,42,OUTSWINGER,97,BACKFOOT PUSH,0,0,4,0,6,0,Off stump,Short of Good Length,0,0,0,0,0,0,0,0
4,5,176,1,1,India,K L Rahul,Tim Southee,,1,5,1,1,1,1,0,0,0,0,0,0,0,0,0,0,0,,,0,0.5,1,1,0,79382,13.00,-12.00,1,0,,39,ANGLED IN,58,BACKFOOT PULL SHOT,0,0,5,0,7,0,Outside Off stump,Short Length,0,0,0,0,0,0,0,0
5,6,176,1,1,India,Sanju Samson,Tim Southee,,1,6,1,1,1,1,0,0,0,0,0,0,0,0,0,0,0,,,0,0.6,1,1,0,79383,110.50,-27.00,1,0,,39,ANGLED IN,54,LEG GLANCE,0,0,6,0,8,0,Off stump,Short of Good Length,0,0,0,0,0,0,0,0
6,1,176,1,1,India,Sanju Samson,Scott Kuggeleijn,,2,1,0,0,0,0,0,0,1,0,0,0,0,0,0,0,0,,,0,1.1,1,1,0,79384,-73.00,-11.50,0,0,,39,ANGLED IN,59,FRONTFOOT SQUARE DRIVE,0,0,1,1,8,0,Outside Off stump,Good Length,1,0,0,0,0,0,0,0
7,2,176,1,1,India,Sanju Samson,Scott Kuggeleijn,,2,2,0,0,0,0,0,0,1,0,0,0,0,0,0,0,0,,,0,1.2,1,1,0,79385,-73.00,-11.50,0,0,,42,OUTSWINGER,51,FRONTFOOT COVERDRIVE,0,0,2,1,8,0,Outside Off stump,Good Length,0,0,0,0,0,0,0,0
8,3,176,1,1,India,Sanju Samson,Scott Kuggeleijn,,2,3,0 WK,W,0,0,0,0,1,0,0,0,0,0,0,0,1,Caught,WICKET,1,1.3,1,1,0,79386,-44.00,31.50,0,0,,39,ANGLED IN,51,FRONTFOOT COVERDRIVE,0,0,3,1,8,1,Outside Off stump,Good Length,1,0,0,0,0,0,0,0
9,4,176,1,1,India,Rohit Sharma,Scott Kuggeleijn,,2,4,0,0,0,0,0,0,1,0,0,0,0,0,0,0,0,,,0,1.4,1,1,0,79387,-14.00,-21.50,0,0,,39,ANGLED IN,50,BACKFOOT DEFENCE,0,0,4,1,8,1,Outside Off stump,Short of Good Length,2,0,0,0,0,0,0,0
10,5,176,1,1,India,Rohit Sharma,Scott Kuggeleijn,,2,5,0,0,0,0,0,0,1,0,0,0,0,0,0,0,0,,,0,1.5,1,1,0,79388,10.50,24.50,0,0,,39,ANGLED IN,50,BACKFOOT DEFENCE,0,0,5,1,8,1,Outside Off stump,Short of Good Length,0,0,0,0,0,0,0,0
11,6,176,1,1,India,Rohit Sharma,Scott Kuggeleijn,,2,6,2,2,2,0,1,0,0,0,0,0,0,0,0,0,0,,,0,1.6,1,1,0,79389,-141.00,46.00,2,0,,39,ANGLED IN,51,FRONTFOOT COVERDRIVE,0,0,6,1,10,1,Outside Off stump,Good Length,0,0,0,0,0,0,0,0
12,1,176,1,1,India,K L Rahul,Tim Southee,,3,1,6,6,6,0,0,0,0,0,0,0,0,0,0,1,0,,,0,2.1,1,1,0,79390,-184.00,114.50,6,0,,42,OUTSWINGER,15,LOFTED COVER DRIVE,0,0,1,2,16,1,Outside Off stump,Good Length,1,0,0,0,0,0,0,0
13,2,176,1,1,India,K L Rahul,Tim Southee,,3,2,0,0,0,0,0,0,1,0,0,0,0,0,0,0,0,,,0,2.2,1,1,0,79391,93.50,18.00,0,0,,39,ANGLED IN,40,FRONTFOOT FLICK,0,0,2,2,16,1,Off stump,Short of Good Length,0,0,0,0,0,0,0,0
14,3,176,1,1,India,K L Rahul,Tim Southee,,3,3,4,4,4,0,0,0,0,0,0,0,0,0,1,0,0,,,0,2.3,1,1,0,79392,-198.00,-22.50,4,0,,38,STRAIGHT BALL,16,BACKFOOT SQUARE DRIVE,0,0,3,2,20,1,Outside Off stump,Short of Good Length,0,0,0,0,0,0,0,0
15,4,176,1,1,India,K L Rahul,Tim Southee,,3,4,4,4,4,0,0,0,0,0,0,0,0,0,1,0,0,,,0,2.4,1,1,0,79393,185.00,-32.50,4,0,,39,ANGLED IN,58,BACKFOOT PULL SHOT,0,0,4,2,24,1,Outside Off stump,Short Length,0,0,0,0,0,0,0,0
16,5,176,1,1,India,K L Rahul,Tim Southee,,3,5,1,1,1,1,0,0,0,0,0,0,0,0,0,0,0,,,0,2.5,1,1,0,79394,44.00,-48.00,1,0,,39,ANGLED IN,54,LEG GLANCE,0,0,5,2,25,1,,Good Length,0,0,0,0,0,0,0,0
17,6,176,1,1,India,Rohit Sharma,Tim Southee,,3,6,0,0,0,0,0,0,1,0,0,0,0,0,0,0,0,,,0,2.6,1,1,0,79395,-56.50,108.50,0,0,,39,ANGLED IN,84,FRONTFOOT OFF DRIVE,0,0,6,2,25,1,Outside Off stump,Good Length,0,0,0,0,0,0,0,0
18,1,176,1,1,India,K L Rahul,Scott Kuggeleijn,,4,1,0,0,0,0,0,0,1,0,0,0,0,0,0,0,0,,,0,3.1,1,1,0,79396,57.00,4.50,0,0,,39,ANGLED IN,49,FORWARD DEFENCE,0,0,1,3,25,1,Off stump,Good Length,1,0,0,0,0,0,0,0
19,2,176,1,1,India,K L Rahul,Scott Kuggeleijn,,4,2,2,2,2,0,1,0,0,0,0,0,0,0,0,0,0,,,0,3.2,1,1,0,79397,144.50,-33.50,2,0,,39,ANGLED IN,40,FRONTFOOT FLICK,0,0,2,3,27,1,Off stump,Full Length,0,0,0,0,0,0,0,0
20,3,176,1,1,India,K L Rahul,Scott Kuggeleijn,,4,3,1,1,1,1,0,0,0,0,0,0,0,0,0,0,0,,,0,3.3,1,1,0,79398,129.00,-11.00,1,0,,39,ANGLED IN,40,FRONTFOOT FLICK,0,0,3,3,28,1,Off stump,Short of Good Length,0,0,0,0,0,0,0,0
21,4,176,1,1,India,Rohit Sharma,Scott Kuggeleijn,,4,4,0,0,0,0,0,0,1,0,0,0,0,0,0,0,0,,,0,3.4,1,1,0,79399,129.00,-11.00,0,0,,37,NIPPED AWAY,49,FORWARD DEFENCE,0,0,4,3,28,1,Outside Off stump,Good Length,0,0,0,0,0,0,0,0
22,5,176,1,1,India,Rohit Sharma,Scott Kuggeleijn,,4,5,1,1,1,1,0,0,0,0,0,0,0,0,0,0,0,,,0,3.5,1,1,0,79400,-63.00,-105.00,1,0,,39,ANGLED IN,44,GLIDE,0,0,5,3,29,1,Outside Off stump,Good Length,0,0,0,0,0,0,0,0
23,6,176,1,1,India,K L Rahul,Scott Kuggeleijn,,4,6,5 (WD),5,0,0,0,0,0,5,1,0,0,0,1,0,0,,,0,3.6,1,1,1,79401,-63.00,-105.00,5,0,,39,ANGLED IN,58,BACKFOOT PULL SHOT,0,0,6,3,34,1,Leg stump,Short Length,0,0,0,0,0,0,0,0
24,7,176,1,1,India,K L Rahul,Scott Kuggeleijn,,4,6,0,0,0,0,0,0,1,0,0,0,0,0,0,0,0,,,0,3.6,1,1,0,79402,55.00,28.50,0,0,,39,ANGLED IN,49,FORWARD DEFENCE,0,0,7,3,34,1,Outside Off stump,Short of Good Length,0,0,0,0,0,0,0,0
25,1,176,1,1,India,Rohit Sharma,Hamish Bennett,,5,1,0,0,0,0,0,0,1,0,0,0,0,0,0,0,0,,,0,4.1,1,1,0,79403,67.50,16.00,0,0,,39,ANGLED IN,49,FORWARD DEFENCE,0,0,1,4,34,1,Outside Off stump,Good Length,1,0,0,0,0,0,0,0
26,2,176,1,1,India,Rohit Sharma,Hamish Bennett,,5,2,1,1,1,1,0,0,0,0,0,0,0,0,0,0,0,,,0,4.2,1,1,0,79404,67.50,16.00,1,0,,39,ANGLED IN,27,FORWARD PUSH,0,0,2,4,35,1,Off stump,Good Length,0,0,0,0,0,0,0,0
27,3,176,1,1,India,K L Rahul,Hamish Bennett,,5,3,1,1,1,1,0,0,0,0,0,0,0,0,0,0,0,,,0,4.3,1,1,0,79405,74.50,-19.00,1,0,,39,ANGLED IN,40,FRONTFOOT FLICK,0,0,3,4,36,1,Middle stump,Short of Good Length,0,0,0,0,0,0,0,0
28,4,176,1,1,India,Rohit Sharma,Hamish Bennett,,5,4,2,2,2,0,1,0,0,0,0,0,0,0,0,0,0,,,0,4.4,1,1,0,79406,139.50,-31.50,2,0,,39,ANGLED IN,40,FRONTFOOT FLICK,0,0,4,4,38,1,Outside Leg stump,Full Length,0,0,0,0,0,0,0,0
29,5,176,1,1,India,Rohit Sharma,Hamish Bennett,,5,5,2,2,2,0,1,0,0,0,0,0,0,0,0,0,0,,,0,4.5,1,1,0,79407,148.00,14.00,2,0,,39,ANGLED IN,46,FRONTFOOT PULL SHOT,0,0,5,4,40,1,Outside Off stump,Short of Good Length,0,0,0,0,0,0,0,0
30,6,176,1,1,India,Rohit Sharma,Hamish Bennett,,5,6,4,4,4,0,0,0,0,0,0,0,0,0,1,0,0,,,0,4.6,1,1,0,79408,95.50,-143.50,4,0,,47,SLOWER BALL,57,HOOK SHOT,0,0,6,4,44,1,Outside Off stump,Short Length,0,0,0,0,0,0,0,0
31,1,176,1,1,India,K L Rahul,Scott Kuggeleijn,,6,1,6,6,6,0,0,0,0,0,0,0,0,0,0,1,0,,,0,5.1,1,1,0,79409,154.50,-72.00,6,0,,39,ANGLED IN,58,BACKFOOT PULL SHOT,0,0,1,5,50,1,Off stump,Short of Good Length,1,1,1,0,1,0,0,0
32,2,176,1,1,India,K L Rahul,Scott Kuggeleijn,,6,2,1,1,1,1,0,0,0,0,0,0,0,0,0,0,0,,,0,5.2,1,1,0,79410,134.00,16.50,1,0,,39,ANGLED IN,40,FRONTFOOT FLICK,0,0,2,5,51,1,Leg stump,Short of Good Length,0,0,1,0,0,0,0,0
33,3,176,1,1,India,Rohit Sharma,Scott Kuggeleijn,,6,3,0,0,0,0,0,0,1,0,0,0,0,0,0,0,0,,,0,5.3,1,1,0,79411,-13.50,21.50,0,0,,39,ANGLED IN,40,FRONTFOOT FLICK,0,0,3,5,51,1,Off stump,Good Length,0,0,1,0,0,0,0,0
34,4,176,1,1,India,Rohit Sharma,Scott Kuggeleijn,,6,4,0,0,0,0,0,0,1,0,0,0,0,0,0,0,0,,,0,5.4,1,1,0,79412,-95.50,21.50,0,0,,39,ANGLED IN,89,STEP DOWN COVER DRIVE,0,0,4,5,51,1,Outside Off stump,Good Length,0,0,1,0,0,0,0,0
35,5,176,1,1,India,Rohit Sharma,Scott Kuggeleijn,,6,5,1,1,1,1,0,0,0,0,0,0,0,0,0,0,0,,,0,5.5,1,1,0,79413,128.00,-36.00,1,0,,8,OFF CUTTER,46,FRONTFOOT PULL SHOT,0,0,5,5,52,1,Outside Off stump,Short of Good Length,0,0,1,0,0,0,0,0
36,6,176,1,1,India,K L Rahul,Scott Kuggeleijn,,6,6,1,1,1,1,0,0,0,0,0,0,0,0,0,0,0,,,0,5.6,1,1,0,79414,-40.00,99.50,1,0,,8,OFF CUTTER,6,BACKFOOT OFF DRIVE,0,0,6,5,53,1,Outside Off stump,Short of Good Length,0,0,1,0,0,0,0,0
37,1,176,1,1,India,K L Rahul,Ish Sodhi,,7,1,0,0,0,0,0,0,1,0,0,0,0,0,0,0,0,,,0,6.1,1,1,0,79415,-40.00,60.50,0,0,,24,LEG SPIN,84,FRONTFOOT OFF DRIVE,0,0,1,6,53,1,Outside Off stump,Full Length,1,0,1,0,0,0,0,0
38,2,176,1,1,India,K L Rahul,Ish Sodhi,,7,2,0,0,0,0,0,0,1,0,0,0,0,0,0,0,0,,,0,6.2,1,1,0,79416,-63.00,-17.00,0,0,,26,FLIPPER,36,CUT SHOT,0,0,2,6,53,1,Outside Off stump,Short of Good Length,0,0,1,0,0,0,0,0
39,3,176,1,1,India,K L Rahul,Ish Sodhi,,7,3,0,0,0,0,0,0,1,0,0,0,0,0,0,0,0,,,0,6.3,1,1,0,79417,-63.50,-36.00,0,0,,24,LEG SPIN,36,CUT SHOT,0,0,3,6,53,1,Outside Off stump,Short of Good Length,0,0,1,0,0,0,0,0
40,4,176,1,1,India,K L Rahul,Ish Sodhi,,7,4,1,1,1,1,0,0,0,0,0,0,0,0,0,0,0,,,0,6.4,1,1,0,79418,144.00,26.50,1,0,,24,LEG SPIN,40,FRONTFOOT FLICK,0,0,4,6,54,1,Middle stump,Good Length,0,0,1,0,0,0,0,0
41,5,176,1,1,India,Rohit Sharma,Ish Sodhi,,7,5,0,0,0,0,0,0,1,0,0,0,0,0,0,0,0,,,0,6.5,1,1,0,79419,-73.50,-22.00,0,0,,24,LEG SPIN,36,CUT SHOT,0,0,5,6,54,1,Outside Off stump,Short of Good Length,0,0,1,0,0,0,0,0
42,6,176,1,1,India,Rohit Sharma,Ish Sodhi,,7,6,1,1,1,1,0,0,0,0,0,0,0,0,0,0,0,,,0,6.6,1,1,0,79420,-145.00,23.50,1,0,,24,LEG SPIN,36,CUT SHOT,0,0,6,6,55,1,Outside Off stump,Short of Good Length,0,0,1,0,0,0,0,0
43,1,176,1,1,India,Rohit Sharma,Mitchell Santner,,8,1,2,2,2,0,1,0,0,0,0,0,0,0,0,0,0,,,0,7.1,1,1,0,79421,-156.00,31.50,2,0,,10,ORTHODOX,36,CUT SHOT,0,0,1,7,57,1,Outside Off stump,Short of Good Length,1,0,1,0,0,0,0,0
44,2,176,1,1,India,Rohit Sharma,Mitchell Santner,,8,2,1,1,1,1,0,0,0,0,0,0,0,0,0,0,0,,,0,7.2,1,1,0,79422,-156.00,31.50,1,0,,10,ORTHODOX,52,BACKFOOT COVERDRIVE,0,0,2,7,58,1,Outside Off stump,Short of Good Length,0,0,1,0,0,0,0,0
45,3,176,1,1,India,K L Rahul,Mitchell Santner,,8,3,1,1,1,1,0,0,0,0,0,0,0,0,0,0,0,,,0,7.3,1,1,0,79423,46.50,179.50,1,0,,10,ORTHODOX,101,BACKFOOT ON DRIVE,0,0,3,7,59,1,Outside Off stump,Short of Good Length,0,0,1,0,0,0,0,0
46,4,176,1,1,India,Rohit Sharma,Mitchell Santner,,8,4,1,1,1,1,0,0,0,0,0,0,0,0,0,0,0,,,0,7.4,1,1,0,79424,-151.50,26.00,1,0,,10,ORTHODOX,36,CUT SHOT,0,0,4,7,60,1,Outside Off stump,Short of Good Length,0,0,1,0,0,0,0,0
47,5,176,1,1,India,K L Rahul,Mitchell Santner,,8,5,1,1,1,1,0,0,0,0,0,0,0,0,0,0,0,,,0,7.5,1,1,0,79425,-136.50,36.50,1,0,,10,ORTHODOX,27,FORWARD PUSH,0,0,5,7,61,1,Outside Off stump,Good Length,0,0,1,0,0,0,0,0
48,6,176,1,1,India,Rohit Sharma,Mitchell Santner,,8,6,1,1,1,1,0,0,0,0,0,0,0,0,0,0,0,,,0,7.6,1,1,0,79426,141.00,26.50,1,0,,23,ARM BALL,40,FRONTFOOT FLICK,0,0,6,7,62,1,Outside Off stump,Short of Good Length,0,0,1,0,0,0,0,0
49,1,176,1,1,India,Rohit Sharma,Ish Sodhi,,9,1,1,1,1,1,0,0,0,0,0,0,0,0,0,0,0,,,0,8.1,1,1,0,79427,136.00,7.50,1,0,,24,LEG SPIN,37,STEP DOWN FLICK,0,0,1,8,63,1,Leg stump,Good Length,1,0,1,0,0,0,0,0
50,2,176,1,1,India,K L Rahul,Ish Sodhi,,9,2,0,0,0,0,0,0,1,0,0,0,0,0,0,0,0,,,0,8.2,1,1,0,79428,-14.50,60.50,0,0,,24,LEG SPIN,27,FORWARD PUSH,0,0,2,8,63,1,Outside Off stump,Good Length,0,0,1,0,0,0,0,0
51,3,176,1,1,India,K L Rahul,Ish Sodhi,,9,3,1,1,1,1,0,0,0,0,0,0,0,0,0,0,0,,,0,8.3,1,1,0,79429,-142.50,51.00,1,0,,26,FLIPPER,51,FRONTFOOT COVERDRIVE,0,0,3,8,64,1,Off stump,Good Length,0,0,1,0,0,0,0,0
52,4,176,1,1,India,Rohit Sharma,Ish Sodhi,,9,4,4,4,4,0,0,0,0,0,0,0,0,0,1,0,0,,,0,8.4,1,1,0,79430,-140.00,-110.00,4,0,,24,LEG SPIN,36,CUT SHOT,0,0,4,8,68,1,Outside Off stump,Short of Good Length,0,0,1,0,0,0,0,0
53,5,176,1,1,India,Rohit Sharma,Ish Sodhi,,9,5,1,1,1,1,0,0,0,0,0,0,0,0,0,0,0,,,0,8.5,1,1,0,79431,101.50,20.50,1,0,,24,LEG SPIN,27,FORWARD PUSH,0,0,5,8,69,1,Leg stump,Good Length,0,0,1,0,0,0,0,0
54,6,176,1,1,India,K L Rahul,Ish Sodhi,,9,6,0,0,0,0,0,0,1,0,0,0,0,0,0,0,0,,,0,8.6,1,1,0,79432,6.50,62.50,0,0,,24,LEG SPIN,97,BACKFOOT PUSH,0,0,6,8,69,1,Leg stump,Good Length,0,0,1,0,0,0,0,0
55,1,176,1,1,India,Rohit Sharma,Mitchell Santner,,10,1,1,1,1,1,0,0,0,0,0,0,0,0,0,0,0,,,0,9.1,1,1,0,79433,146.50,22.00,1,0,,10,ORTHODOX,55,SWEEP SHOT,0,0,1,9,70,1,Outside Off stump,Good Length,1,0,1,0,0,0,0,0
56,2,176,1,1,India,K L Rahul,Mitchell Santner,,10,2,1,1,1,1,0,0,0,0,0,0,0,0,0,0,0,,,0,9.2,1,1,0,79434,-134.00,55.50,1,0,,10,ORTHODOX,52,BACKFOOT COVERDRIVE,0,0,2,9,71,1,Outside Off stump,Short of Good Length,0,0,1,0,0,0,0,0
57,3,176,1,1,India,Rohit Sharma,Mitchell Santner,,10,3,2,2,2,0,1,0,0,0,0,0,0,0,0,0,0,,,0,9.3,1,1,0,79435,-136.50,85.50,2,0,,10,ORTHODOX,51,FRONTFOOT COVERDRIVE,0,0,3,9,73,1,Outside Off stump,Full Length,0,0,1,0,0,0,0,0
58,4,176,1,1,India,Rohit Sharma,Mitchell Santner,,10,4,6,6,6,0,0,0,0,0,0,0,0,0,0,1,0,,,0,9.4,1,1,0,79436,177.00,123.50,6,0,,10,ORTHODOX,58,BACKFOOT PULL SHOT,0,0,4,9,79,1,Outside Off stump,Short of Good Length,0,0,1,0,0,0,0,0
59,5,176,1,1,India,Rohit Sharma,Mitchell Santner,,10,5,1,1,1,1,0,0,0,0,0,0,0,0,0,0,0,,,0,9.5,1,1,0,79437,-99.00,136.50,1,0,,10,ORTHODOX,84,FRONTFOOT OFF DRIVE,0,0,5,9,80,1,Outside Off stump,Full Length,0,0,1,0,0,0,0,0
60,6,176,1,1,India,K L Rahul,Mitchell Santner,,10,6,4,4,4,0,0,0,0,0,0,0,0,0,1,0,0,,,0,9.6,1,1,0,79438,-84.00,-141.00,4,0,,10,ORTHODOX,44,GLIDE,0,0,6,9,84,1,Outside Off stump,Full Length,0,0,1,0,0,0,0,0
61,1,176,1,1,India,Rohit Sharma,Ish Sodhi,,11,1,6,6,6,0,0,0,0,0,0,0,0,0,0,1,0,,,0,10.1,1,1,0,79439,-1.50,221.50,6,0,,24,LEG SPIN,69,STEP DOWN LOFTED STRAIGHT DRIVE,0,0,1,10,90,1,Off stump,Good Length,1,0,1,0,0,0,0,0
62,2,176,1,1,India,Rohit Sharma,Ish Sodhi,,11,2,1,1,1,1,0,0,0,0,0,0,0,0,0,0,0,,,0,10.2,1,1,0,79440,-129.50,62.00,1,0,,24,LEG SPIN,52,BACKFOOT COVERDRIVE,0,0,2,10,91,1,Outside Off stump,Short of Good Length,0,0,1,0,0,0,0,0
63,3,176,1,1,India,K L Rahul,Ish Sodhi,,11,3,0,0,0,0,0,0,1,0,0,0,0,0,0,0,0,,,0,10.3,1,1,0,79441,-32.00,-11.00,0,0,,28,GOOGLY,36,CUT SHOT,0,0,3,10,91,1,Outside Off stump,Good Length,0,0,1,0,0,0,0,0
64,4,176,1,1,India,K L Rahul,Ish Sodhi,,11,4,1,1,1,1,0,0,0,0,0,0,0,0,0,0,0,,,0,10.4,1,1,0,79442,71.50,152.50,1,0,,26,FLIPPER,58,BACKFOOT PULL SHOT,0,0,4,10,92,1,Outside Off stump,Short of Good Length,0,0,1,0,0,0,0,0
65,5,176,1,1,India,Rohit Sharma,Ish Sodhi,,11,5,1,1,1,1,0,0,0,0,0,0,0,0,0,0,0,,,0,10.5,1,1,0,79443,-131.50,55.50,1,0,,24,LEG SPIN,36,CUT SHOT,0,0,5,10,93,1,Outside Off stump,Good Length,0,0,1,0,0,0,0,0
66,6,176,1,1,India,K L Rahul,Ish Sodhi,,11,6,1,1,1,1,0,0,0,0,0,0,0,0,0,0,0,,,0,10.6,1,1,0,79444,123.50,71.50,1,0,,24,LEG SPIN,40,FRONTFOOT FLICK,0,0,6,10,94,1,Leg stump,Good Length,0,0,1,0,0,0,0,0
67,1,176,1,1,India,K L Rahul,Hamish Bennett,,12,1,1,1,1,1,0,0,0,0,0,0,0,0,0,0,0,,,0,11.1,1,1,0,79445,81.50,154.50,1,0,,39,ANGLED IN,101,BACKFOOT ON DRIVE,0,0,1,11,95,1,Outside Off stump,Short of Good Length,1,0,1,0,0,0,0,0
68,2,176,1,1,India,Rohit Sharma,Hamish Bennett,,12,2,1,1,1,1,0,0,0,0,0,0,0,0,0,0,0,,,0,11.2,1,1,0,79446,-60.50,-94.50,1,0,,47,SLOWER BALL,15,LOFTED COVER DRIVE,0,0,2,11,96,1,Outside Off stump,Full Length,0,0,1,0,0,0,0,0
69,3,176,1,1,India,K L Rahul,Hamish Bennett,,12,3,0 WK,W,0,0,0,0,1,0,0,0,0,0,0,0,1,Caught,WICKET,1,11.3,1,1,0,79447,-54.50,30.00,0,0,,39,ANGLED IN,40,FRONTFOOT FLICK,0,0,3,11,96,2,Leg stump,Short of Good Length,1,0,1,0,0,0,0,0
70,4,176,1,1,India,Shreyas Iyer,Hamish Bennett,,12,4,0,0,0,0,0,0,1,0,0,0,0,0,0,0,0,,,0,11.4,1,1,0,79448,-91.00,22.00,0,0,,39,ANGLED IN,50,BACKFOOT DEFENCE,0,0,4,11,96,2,Off stump,Short of Good Length,2,0,1,0,0,0,0,0
71,5,176,1,1,India,Shreyas Iyer,Hamish Bennett,,12,5,4,4,4,0,0,0,0,0,0,0,0,0,1,0,0,,,0,11.5,1,1,0,79449,163.00,-51.00,4,0,,39,ANGLED IN,40,FRONTFOOT FLICK,0,0,5,11,100,2,Leg stump,Good Length,0,1,2,0,0,1,0,0
72,6,176,1,1,India,Shreyas Iyer,Hamish Bennett,,12,6,1,1,1,1,0,0,0,0,0,0,0,0,0,0,0,,,0,11.6,1,1,0,79450,-147.00,42.50,1,0,,39,ANGLED IN,51,FRONTFOOT COVERDRIVE,0,0,6,11,101,2,Outside Off stump,Good Length,0,0,2,0,0,0,0,0
73,1,176,1,1,India,Shreyas Iyer,Mitchell Santner,,13,1,0,0,0,0,0,0,1,0,0,0,0,0,0,0,0,,,0,12.1,1,1,0,79451,-76.50,-13.50,0,0,,10,ORTHODOX,49,FORWARD DEFENCE,0,0,1,12,101,2,Outside Off stump,Good Length,1,0,2,0,0,0,0,0
74,2,176,1,1,India,Shreyas Iyer,Mitchell Santner,,13,2,0,0,0,0,0,0,1,0,0,0,0,0,0,0,0,,,0,12.2,1,1,0,79452,-81.00,-24.50,0,0,,10,ORTHODOX,49,FORWARD DEFENCE,0,0,2,12,101,2,Off stump,Good Length,0,0,2,0,0,0,0,0
75,3,176,1,1,India,Shreyas Iyer,Mitchell Santner,,13,3,0,0,0,0,0,0,1,0,0,0,0,0,0,0,0,,,0,12.3,1,1,0,79453,-52.50,27.00,0,0,,10,ORTHODOX,49,FORWARD DEFENCE,0,0,3,12,101,2,Leg stump,Good Length,0,0,2,0,0,0,0,0
76,4,176,1,1,India,Shreyas Iyer,Mitchell Santner,,13,4,0,0,0,0,0,0,1,0,0,0,0,0,0,0,0,,,0,12.4,1,1,0,79454,-65.50,-26.00,0,0,,10,ORTHODOX,36,CUT SHOT,0,0,4,12,101,2,Outside Off stump,Short of Good Length,0,0,2,0,0,0,0,0
77,5,176,1,1,India,Shreyas Iyer,Mitchell Santner,,13,5,2,2,2,0,1,0,0,0,0,0,0,0,0,0,0,,,0,12.5,1,1,0,79455,-101.50,140.50,2,0,,10,ORTHODOX,61,INSIDE OUT,0,0,5,12,103,2,Off stump,Good Length,0,0,2,0,0,0,0,0
78,6,176,1,1,India,Shreyas Iyer,Mitchell Santner,,13,6,1,1,1,1,0,0,0,0,0,0,0,0,0,0,0,,,0,12.6,1,1,0,79456,-144.00,40.50,1,0,,10,ORTHODOX,51,FRONTFOOT COVERDRIVE,0,0,6,12,104,2,Outside Off stump,Good Length,0,0,2,0,0,0,0,0
79,1,176,1,1,India,Shreyas Iyer,Hamish Bennett,,14,1,0,0,0,0,0,0,1,0,0,0,0,0,0,0,0,,,0,13.1,1,1,0,79457,10.00,-29.50,0,0,,39,ANGLED IN,50,BACKFOOT DEFENCE,0,0,1,13,104,2,Outside Off stump,Short of Good Length,1,0,2,0,0,0,0,0
80,2,176,1,1,India,Shreyas Iyer,Hamish Bennett,,14,2,0,0,0,0,0,0,1,0,0,0,0,0,0,0,0,,,0,13.2,1,1,0,79458,10.00,-29.50,0,0,,39,ANGLED IN,36,CUT SHOT,0,0,2,13,104,2,Off stump,Short Length,0,0,2,0,0,0,0,0
81,3,176,1,1,India,Shreyas Iyer,Hamish Bennett,,14,3,0,0,0,0,0,0,1,0,0,0,0,0,0,0,0,,,0,13.3,1,1,0,79459,-67.50,-21.00,0,0,,39,ANGLED IN,50,BACKFOOT DEFENCE,0,0,3,13,104,2,Outside Off stump,Short of Good Length,0,0,2,0,0,0,0,0
82,4,176,1,1,India,Shreyas Iyer,Hamish Bennett,,14,4,0,0,0,0,0,0,1,0,0,0,0,0,0,0,0,,,0,13.4,1,1,0,79460,-70.00,-29.50,0,0,,39,ANGLED IN,16,BACKFOOT SQUARE DRIVE,0,0,4,13,104,2,Outside Off stump,Short of Good Length,0,0,2,0,0,0,0,0
83,5,176,1,1,India,Shreyas Iyer,Hamish Bennett,,14,5,1,1,1,1,0,0,0,0,0,0,0,0,0,0,0,,,0,13.5,1,1,0,79461,121.50,-61.00,1,0,,39,ANGLED IN,40,FRONTFOOT FLICK,0,0,5,13,105,2,Leg stump,Good Length,0,0,2,0,0,0,0,0
84,6,176,1,1,India,Rohit Sharma,Hamish Bennett,,14,6,1,1,1,1,0,0,0,0,0,0,0,0,0,0,0,,,0,13.6,1,1,0,79462,-53.00,-102.50,1,0,,47,SLOWER BALL,69,STEP DOWN LOFTED STRAIGHT DRIVE,0,0,6,13,106,2,Outside Off stump,Good Length,0,0,2,0,0,0,0,0
85,1,176,1,1,India,Rohit Sharma,Mitchell Santner,,15,1,1,1,1,1,0,0,0,0,0,0,0,0,0,0,0,,,0,14.1,1,1,0,79463,102.50,-10.50,1,0,,10,ORTHODOX,40,FRONTFOOT FLICK,0,0,1,14,107,2,Leg stump,Good Length,1,0,2,0,0,0,0,0
86,2,176,1,1,India,Shreyas Iyer,Mitchell Santner,,15,2,1,1,1,1,0,0,0,0,0,0,0,0,0,0,0,,,0,14.2,1,1,0,79464,-138.00,25.50,1,0,,10,ORTHODOX,89,STEP DOWN COVER DRIVE,0,0,2,14,108,2,Outside Off stump,Good Length,0,0,2,0,0,0,0,0
87,3,176,1,1,India,Rohit Sharma,Mitchell Santner,,15,3,1,1,1,1,0,0,0,0,0,0,0,0,0,0,0,,,0,14.3,1,1,0,79465,55.00,38.50,1,0,,10,ORTHODOX,77,STEP DOWN DEFENCE,0,0,3,14,109,2,Leg stump,Short of Good Length,0,0,2,0,0,0,0,0
88,4,176,1,1,India,Shreyas Iyer,Mitchell Santner,,15,4,2,2,2,0,1,0,0,0,0,0,0,0,0,0,0,,,0,14.4,1,1,0,79466,-14.50,182.00,2,0,,10,ORTHODOX,69,STEP DOWN LOFTED STRAIGHT DRIVE,0,0,4,14,111,2,Off stump,Good Length,0,0,2,0,0,0,0,0
89,5,176,1,1,India,Shreyas Iyer,Mitchell Santner,,15,5,0,0,0,0,0,0,1,0,0,0,0,0,0,0,0,,,0,14.5,1,1,0,79467,4.50,69.50,0,0,,10,ORTHODOX,101,BACKFOOT ON DRIVE,0,0,5,14,111,2,Off stump,Short of Good Length,0,0,2,0,0,0,0,0
90,6,176,1,1,India,Shreyas Iyer,Mitchell Santner,,15,6,6,6,6,0,0,0,0,0,0,0,0,0,0,1,0,,,0,14.6,1,1,0,79468,-188.50,82.00,6,0,,10,ORTHODOX,114,STEP DOWN LOFTED COVER DRIVE,0,0,6,14,117,2,Outside Off stump,Good Length,0,0,2,0,0,0,0,0
91,1,176,1,1,India,Rohit Sharma,Tim Southee,,16,1,4,4,4,0,0,0,0,0,0,0,0,0,1,0,0,,,0,15.1,1,1,0,79469,-136.00,45.00,4,0,,39,ANGLED IN,58,BACKFOOT PULL SHOT,0,0,1,15,121,2,Outside Off stump,Short of Good Length,1,0,2,0,0,0,0,0
92,2,176,1,1,India,Rohit Sharma,Tim Southee,,16,2,1,1,1,1,0,0,0,0,0,0,0,0,0,0,0,,,0,15.2,1,1,0,79470,-136.00,45.00,1,0,,38,STRAIGHT BALL,36,CUT SHOT,0,0,2,15,122,2,Outside Off stump,Short of Good Length,0,0,2,0,0,0,0,0
93,3,176,1,1,India,Shreyas Iyer,Tim Southee,,16,3,6,6,6,0,0,0,0,0,0,0,0,0,0,1,0,,,0,15.3,1,1,0,79471,-136.00,45.00,6,0,,47,SLOWER BALL,58,BACKFOOT PULL SHOT,0,0,3,15,128,2,Off stump,Short Length,0,0,2,0,0,0,0,0
94,4,176,1,1,India,Shreyas Iyer,Tim Southee,,16,4,1,1,1,1,0,0,0,0,0,0,0,0,0,0,0,,,0,15.4,1,1,0,79472,-136.00,45.00,1,0,,47,SLOWER BALL,36,CUT SHOT,0,0,4,15,129,2,Outside Off stump,Short of Good Length,0,0,2,0,0,0,0,0
95,5,176,1,1,India,Rohit Sharma,Tim Southee,,16,5,2,2,2,0,1,0,0,0,0,0,0,0,0,0,0,,,0,15.5,1,1,0,79473,-69.00,165.50,2,0,,47,SLOWER BALL,5,LOFTED OFF DRIVE,0,0,5,15,131,2,Outside Off stump,Good Length,0,0,2,0,0,0,0,0
96,6,176,1,1,India,Rohit Sharma,Tim Southee,,16,6,0,0,0,0,0,0,1,0,0,0,0,0,0,0,0,,,0,15.6,1,1,0,79474,-46.00,67.00,0,0,,39,ANGLED IN,84,FRONTFOOT OFF DRIVE,0,0,6,15,131,2,Outside Off stump,Full Toss,0,0,2,0,0,0,0,0
97,1,176,1,1,India,Shreyas Iyer,Ish Sodhi,,17,1,1,1,1,1,0,0,0,0,0,0,0,0,0,0,0,,,0,16.1,1,1,0,79475,-60.00,-29.50,1,0,,28,GOOGLY,36,CUT SHOT,0,0,1,16,132,2,Outside Off stump,Short of Good Length,1,0,2,0,0,0,0,0
98,2,176,1,1,India,Rohit Sharma,Ish Sodhi,,17,2,6,6,6,0,0,0,0,0,0,0,0,0,0,1,0,,,0,16.2,1,1,0,79476,182.50,102.50,6,0,,24,LEG SPIN,95,SLOG SWEEP,0,0,2,16,138,2,Leg stump,Good Length,0,0,2,0,0,0,0,0
99,3,176,1,1,India,Rohit Sharma,Ish Sodhi,,17,3,0,0,0,0,0,0,1,0,0,0,0,0,0,0,0,,,0,16.3,1,1,0,79477,-47.50,-27.00,0,0,,24,LEG SPIN,35,LATE CUT,0,0,3,16,138,2,Outside Off stump,Short of Good Length,0,0,2,0,0,0,0,0
100,4,176,1,1,India,Rohit Sharma,Ish Sodhi,,17,4,0,0,0,0,0,0,1,0,0,0,0,0,0,0,0,Retired Hurt,,0,16.4,1,1,0,79478,-40.50,-43.00,0,0,,24,LEG SPIN,56,REVERSE SWEEP,0,0,4,16,138,2,Outside Off stump,Short of Good Length,0,0,2,0,0,0,0,0
101,5,176,1,1,India,Shivam Dube,Ish Sodhi,,17,5,1,1,1,1,0,0,0,0,0,0,0,0,0,0,0,,,0,16.5,1,1,0,79479,65.50,161.00,1,0,,24,LEG SPIN,84,FRONTFOOT OFF DRIVE,0,0,5,16,139,2,Off stump,Good Length,0,0,2,0,0,0,0,0
102,6,176,1,1,India,Shreyas Iyer,Ish Sodhi,,17,6,1,1,1,1,0,0,0,0,0,0,0,0,0,0,0,,,0,16.6,1,1,0,79480,-9.00,-68.50,1,0,,26,FLIPPER,36,CUT SHOT,0,0,6,16,140,2,Outside Off stump,Short of Good Length,0,0,2,0,0,0,0,0
103,1,176,1,1,India,Shreyas Iyer,Hamish Bennett,,18,1,0,0,0,0,0,0,1,0,0,0,0,0,0,0,0,,,0,17.1,1,1,0,79481,-9.00,-68.50,0,0,,38,STRAIGHT BALL,27,FORWARD PUSH,0,0,1,17,140,2,Outside Off stump,Good Length,1,0,2,0,0,0,0,0
104,2,176,1,1,India,Shreyas Iyer,Hamish Bennett,,18,2,0,0,0,0,0,0,1,0,0,0,0,0,0,0,0,,,0,17.2,1,1,0,79482,-9.00,-68.50,0,0,,38,STRAIGHT BALL,15,LOFTED COVER DRIVE,0,0,2,17,140,2,Outside Off stump,Good Length,0,0,2,0,0,0,0,0
105,3,176,1,1,India,Shreyas Iyer,Hamish Bennett,,18,3,1,1,1,1,0,0,0,0,0,0,0,0,0,0,0,,,0,17.3,1,1,0,79483,-87.50,54.00,1,0,,39,ANGLED IN,51,FRONTFOOT COVERDRIVE,0,0,3,17,141,2,Outside Off stump,Full Length,0,0,2,0,0,0,0,0
106,4,176,1,1,India,Shivam Dube,Hamish Bennett,,18,4,1 (LB),1,0,0,0,0,1,1,0,0,0,1,0,0,0,,,0,17.4,1,1,1,79484,-60.00,-17.00,1,0,,30,ANGLED ACROSS,40,FRONTFOOT FLICK,0,0,4,17,142,2,Outside Leg stump,Full Length,0,0,2,0,0,0,0,0
107,5,176,1,1,India,Shreyas Iyer,Hamish Bennett,,18,5,0,0,0,0,0,0,1,0,0,0,0,0,0,0,0,,,0,17.5,1,1,0,79485,-60.00,-17.00,0,0,,32,YORKER,96,SLICED OVER POINT,0,0,5,17,142,2,Outside Off stump,Yorker,0,0,2,0,0,0,0,0
108,6,176,1,1,India,Shreyas Iyer,Hamish Bennett,,18,6,1,1,1,1,0,0,0,0,0,0,0,0,0,0,0,,,0,17.6,1,1,0,79486,-37.50,113.00,1,0,,39,ANGLED IN,84,FRONTFOOT OFF DRIVE,0,0,6,17,143,2,Outside Off stump,Full Length,0,0,2,0,0,0,0,0
109,1,176,1,1,India,Shreyas Iyer,Scott Kuggeleijn,,19,1,1,1,1,1,0,0,0,0,0,0,0,0,0,0,0,,,0,18.1,1,1,0,79487,141.00,17.50,1,0,,39,ANGLED IN,40,FRONTFOOT FLICK,0,0,1,18,144,2,Off stump,Good Length,1,0,2,0,0,0,0,0
110,2,176,1,1,India,Shivam Dube,Scott Kuggeleijn,,19,2,0,0,0,0,0,0,1,0,0,0,0,0,0,0,0,,,0,18.2,1,1,0,79488,-1.50,58.00,0,0,,8,OFF CUTTER,18,SLOG SHOT,0,0,2,18,144,2,Outside Off stump,Good Length,0,0,2,0,0,0,0,0
111,3,176,1,1,India,Shivam Dube,Scott Kuggeleijn,,19,3,0,0,0,0,0,0,1,0,0,0,0,0,0,0,0,,,0,18.3,1,1,0,79489,-17.00,42.50,0,0,,30,ANGLED ACROSS,58,BACKFOOT PULL SHOT,0,0,3,18,144,2,Leg stump,Short of Good Length,0,0,2,0,0,0,0,0
112,4,176,1,1,India,Shivam Dube,Scott Kuggeleijn,,19,4,4,4,4,0,0,0,0,0,0,0,0,0,1,0,0,,,0,18.4,1,1,0,79490,130.00,166.50,4,0,,30,ANGLED ACROSS,5,LOFTED OFF DRIVE,0,0,4,18,148,2,Outside Off stump,Full Length,0,0,2,0,0,0,0,0
113,5,176,1,1,India,Shivam Dube,Scott Kuggeleijn,,19,5,0 WK,W,0,0,0,0,1,0,0,0,0,0,0,0,1,Caught,WICKET,1,18.5,1,1,0,79491,-136.50,80.00,0,0,,8,OFF CUTTER,11,LOFTED ON DRIVE,0,0,5,18,148,3,Outside Off stump,Good Length,1,0,2,0,0,0,0,0
114,6,176,1,1,India,Shreyas Iyer,Scott Kuggeleijn,,19,6,0,0,0,0,0,0,1,0,0,0,0,0,0,0,0,,,0,18.6,1,1,0,79492,-136.50,80.00,0,0,,8,OFF CUTTER,31,UPPER CUT,0,0,6,18,148,3,Off stump,Short Length,2,0,2,0,0,0,0,0
115,1,176,1,1,India,Manish Pandey,Tim Southee,,20,1,0,0,0,0,0,0,1,0,0,0,0,0,0,0,0,,,0,19.1,1,1,0,79493,-3.50,70.50,0,0,,39,ANGLED IN,84,FRONTFOOT OFF DRIVE,0,0,1,19,148,3,Outside Off stump,Full Length,3,0,2,0,0,0,0,0
116,2,176,1,1,India,Manish Pandey,Tim Southee,,20,2,6,6,6,0,0,0,0,0,0,0,0,0,0,1,0,,,0,19.2,1,1,0,79494,131.00,174.50,6,0,,39,ANGLED IN,11,LOFTED ON DRIVE,0,0,2,19,154,3,Outside Off stump,Good Length,0,1,3,0,0,0,0,0
117,3,176,1,1,India,Manish Pandey,Tim Southee,,20,3,4,4,4,0,0,0,0,0,0,0,0,0,1,0,0,,,0,19.3,1,1,0,79495,-137.00,-100.00,4,0,,39,ANGLED IN,96,SLICED OVER POINT,0,0,3,19,158,3,Outside Off stump,Full Length,0,0,3,0,0,0,0,0
118,4,176,1,1,India,Manish Pandey,Tim Southee,,20,4,1 (WD),1,0,0,0,0,0,1,1,0,0,0,0,0,0,,,0,19.4,1,1,1,79496,-137.00,-100.00,1,0,,47,SLOWER BALL,105,LEFT ALONE,0,0,4,19,159,3,Wide outside Off stump,Good Length,0,0,3,0,0,0,0,0
119,5,176,1,1,India,Manish Pandey,Tim Southee,,20,4,1,1,1,1,0,0,0,0,0,0,0,0,0,0,0,,,0,19.4,1,1,0,79497,73.00,175.50,1,0,,39,ANGLED IN,74,STEP DOWN ON DRIVE,0,0,5,19,160,3,Outside Off stump,Full Length,0,0,3,0,0,0,0,0
120,6,176,1,1,India,Shreyas Iyer,Tim Southee,,20,5,2,2,2,0,1,0,0,0,0,0,0,0,0,0,0,,,0,19.5,1,1,0,79498,-125.00,-25.00,2,0,,47,SLOWER BALL,15,LOFTED COVER DRIVE,0,0,6,19,162,3,Outside Off stump,Good Length,0,0,3,0,0,0,0,0
121,7,176,1,1,India,Shreyas Iyer,Tim Southee,,20,6,1,1,1,1,0,0,0,0,0,0,0,0,0,0,0,,,0,19.6,1,1,0,79499,-16.00,-1.50,1,0,,47,SLOWER BALL,58,BACKFOOT PULL SHOT,0,0,7,19,163,3,Wide outside Off stump,Short of Good Length,0,0,3,0,0,0,0,0
122,1,176,2,4,New Zealand,Martin Guptill,Washington Sundar,,1,1,0,0,0,0,0,0,1,0,0,0,0,0,0,0,0,,,0,0.1,2,1,0,79500,-45.50,28.00,0,0,,25,OFF SPIN,40,FRONTFOOT FLICK,0,0,1,0,0,0,Outside Off stump,Good Length,1,0,0,0,0,0,0,0
123,2,176,2,4,New Zealand,Martin Guptill,Washington Sundar,,1,2,1,1,1,1,0,0,0,0,0,0,0,0,0,0,0,,,0,0.2,2,1,0,79501,135.00,42.50,1,0,,25,OFF SPIN,40,FRONTFOOT FLICK,0,0,2,0,1,0,Outside Off stump,Short of Good Length,0,0,0,0,0,0,0,0
124,3,176,2,4,New Zealand,Colin Munro,Washington Sundar,,1,3,0,0,0,0,0,0,1,0,0,0,0,0,0,0,0,,,0,0.3,2,1,0,79502,84.00,38.00,0,0,,25,OFF SPIN,51,FRONTFOOT COVERDRIVE,0,0,3,0,1,0,Outside Off stump,Good Length,0,0,0,0,0,0,0,0
125,4,176,2,4,New Zealand,Colin Munro,Washington Sundar,,1,4,1,1,1,1,0,0,0,0,0,0,0,0,0,0,0,,,0,0.4,2,1,0,79503,86.00,-10.50,1,0,,25,OFF SPIN,36,CUT SHOT,0,0,4,0,2,0,Outside Off stump,Short of Good Length,0,0,0,0,0,0,0,0
126,5,176,2,4,New Zealand,Martin Guptill,Washington Sundar,,1,5,1,1,1,1,0,0,0,0,0,0,0,0,0,0,0,,,0,0.5,2,1,0,79504,-89.00,12.50,1,0,,25,OFF SPIN,49,FORWARD DEFENCE,0,0,5,0,3,0,Outside Off stump,Good Length,0,0,0,0,0,0,0,0
127,6,176,2,4,New Zealand,Colin Munro,Washington Sundar,,1,6,4,4,4,0,0,0,0,0,0,0,0,0,1,0,0,,,0,0.6,2,1,0,79505,-188.00,66.50,4,0,,25,OFF SPIN,95,SLOG SWEEP,0,0,6,0,7,0,,Short of Good Length,0,0,0,0,0,0,0,0
128,1,176,2,4,New Zealand,Martin Guptill,Jasprit Bumrah,,2,1,0,0,0,0,0,0,1,0,0,0,0,0,0,0,0,,,0,1.1,2,1,0,79506,-84.00,12.50,0,0,,39,ANGLED IN,50,BACKFOOT DEFENCE,0,0,1,1,7,0,Outside Off stump,Short of Good Length,1,0,0,0,0,0,0,0
129,2,176,2,4,New Zealand,Martin Guptill,Jasprit Bumrah,,2,2,0,0,0,0,0,0,1,0,0,0,0,0,0,0,0,,,0,1.2,2,1,0,79507,75.00,20.00,0,0,,39,ANGLED IN,40,FRONTFOOT FLICK,0,0,2,1,7,0,Middle stump,Short of Good Length,0,0,0,0,0,0,0,0
130,3,176,2,4,New Zealand,Martin Guptill,Jasprit Bumrah,,2,3,0 WK,W,0,0,0,0,1,0,0,0,0,0,0,0,1,Leg Before Wicket,WICKET,1,1.3,2,1,0,79508,75.00,20.00,0,0,,39,ANGLED IN,40,FRONTFOOT FLICK,0,0,3,1,7,1,Off stump,Short of Good Length,1,0,0,0,0,0,0,0
131,4,176,2,4,New Zealand,Tim Seifert,Jasprit Bumrah,,2,4,0,0,0,0,0,0,1,0,0,0,0,0,0,0,0,,,0,1.4,2,1,0,79509,75.00,20.00,0,0,,39,ANGLED IN,,,0,0,4,1,7,1,Outside Off stump,Short of Good Length,2,0,0,0,0,0,0,0
132,5,176,2,4,New Zealand,Tim Seifert,Jasprit Bumrah,,2,5,0,0,0,0,0,0,1,0,0,0,0,0,0,0,0,,,0,1.5,2,1,0,79510,-12.00,46.00,0,0,,39,ANGLED IN,49,FORWARD DEFENCE,0,0,5,1,7,1,Outside Off stump,Short of Good Length,0,0,0,0,0,0,0,0
133,6,176,2,4,New Zealand,Tim Seifert,Jasprit Bumrah,,2,6,0,0,0,0,0,0,1,0,0,0,0,0,0,0,0,,,0,1.6,2,1,0,79511,-67.00,8.00,0,0,,39,ANGLED IN,27,FORWARD PUSH,0,0,6,1,7,1,Outside Off stump,Short of Good Length,0,0,0,0,0,0,0,0
134,1,176,2,4,New Zealand,Colin Munro,Washington Sundar,,3,1,6,6,6,0,0,0,0,0,0,0,0,0,0,1,0,,,0,2.1,2,1,0,79512,-182.00,71.00,6,0,,25,OFF SPIN,95,SLOG SWEEP,0,0,1,2,13,1,Off stump,Good Length,1,0,0,0,0,0,0,0
135,2,176,2,4,New Zealand,Colin Munro,Washington Sundar,,3,2,4,4,4,0,0,0,0,0,0,0,0,0,1,0,0,,,0,2.2,2,1,0,79513,-16.50,211.00,4,0,,25,OFF SPIN,13,LOFTED STRAIGHT,0,0,2,2,17,1,Outside Off stump,Short of Good Length,0,0,0,0,0,0,0,0
136,3,176,2,4,New Zealand,Colin Munro,Washington Sundar,,3,3,0 WK,W,0,0,0,0,1,0,0,0,0,0,0,0,1,Bowled,WICKET,1,2.3,2,1,0,79514,-16.50,211.00,0,0,,25,OFF SPIN,36,CUT SHOT,0,0,3,2,17,2,Outside Leg stump,Good Length,1,0,0,0,0,0,0,0
137,4,176,2,4,New Zealand,Tom Bruce,Washington Sundar,,3,4,0,0,0,0,0,0,1,0,0,0,0,0,0,0,0,,,0,2.4,2,1,0,79515,-79.00,11.50,0,0,,25,OFF SPIN,36,CUT SHOT,0,0,4,2,17,2,Outside Off stump,Short of Good Length,2,0,0,0,0,0,0,0
138,5,176,2,4,New Zealand,Tom Bruce,Washington Sundar,,3,5,0,0,0,0,0,0,1,0,0,0,0,0,0,0,0,,,0,2.5,2,1,0,79516,29.00,51.00,0,0,,25,OFF SPIN,50,BACKFOOT DEFENCE,0,0,5,2,17,2,Outside Off stump,Good Length,0,0,0,0,0,0,0,0
139,6,176,2,4,New Zealand,Tom Bruce,Washington Sundar,,3,6,0,0,0,0,0,0,1,0,0,0,0,0,0,0,0,,,0,2.6,2,1,0,79517,-83.00,30.50,0,0,,25,OFF SPIN,97,BACKFOOT PUSH,0,0,6,2,17,2,Outside Off stump,Good Length,0,0,0,0,0,0,0,0
140,1,176,2,4,New Zealand,Tim Seifert,Navdeep Saini,,4,1,0,0,0,0,0,0,1,0,0,0,0,0,0,0,0,,,0,3.1,2,1,0,79518,66.50,55.50,0,0,,39,ANGLED IN,40,FRONTFOOT FLICK,0,0,1,3,17,2,Outside Off stump,Good Length,1,0,0,0,0,0,0,0
141,2,176,2,4,New Zealand,Tim Seifert,Navdeep Saini,,4,2,0 WK,W,0,0,0,0,1,0,0,0,0,0,0,0,1,Run Out,WICKET,0,3.2,2,1,0,79519,-93.50,27.00,0,0,,39,ANGLED IN,52,BACKFOOT COVERDRIVE,0,0,2,3,17,3,Outside Off stump,Good Length,0,0,0,0,0,0,0,0
142,3,176,2,4,New Zealand,Ross Taylor,Navdeep Saini,,4,3,0,0,0,0,0,0,1,0,0,0,0,0,0,0,0,,,0,3.3,2,1,0,79520,35.00,31.00,0,0,,39,ANGLED IN,97,BACKFOOT PUSH,0,0,3,3,17,3,Outside Off stump,Good Length,0,0,0,0,0,0,0,0
143,4,176,2,4,New Zealand,Ross Taylor,Navdeep Saini,,4,4,0,0,0,0,0,0,1,0,0,0,0,0,0,0,0,,,0,3.4,2,1,0,79521,59.00,51.00,0,0,,39,ANGLED IN,40,FRONTFOOT FLICK,0,0,4,3,17,3,Outside Off stump,Good Length,0,0,0,0,0,0,0,0
144,5,176,2,4,New Zealand,Ross Taylor,Navdeep Saini,,4,5,1,1,1,1,0,0,0,0,0,0,0,0,0,0,0,,,0,3.5,2,1,0,79522,52.00,66.00,1,0,,39,ANGLED IN,40,FRONTFOOT FLICK,0,0,5,3,18,3,Outside Off stump,Short of Good Length,0,0,0,0,0,0,0,0
145,6,176,2,4,New Zealand,Tim Seifert,Navdeep Saini,,4,6,4,4,4,0,0,0,0,0,0,0,0,0,1,0,0,,,0,3.6,2,1,0,79523,-147.00,-72.50,4,0,,38,STRAIGHT BALL,36,CUT SHOT,0,0,6,3,22,3,Outside Off stump,Short of Good Length,0,0,0,0,0,0,0,0
146,1,176,2,4,New Zealand,Ross Taylor,Shardul Thakur,,5,1,1 (WD),1,0,0,0,0,0,1,1,0,0,0,0,0,0,,,0,4.1,2,1,1,79524,-147.00,-72.50,1,0,,41,INSWINGER,105,LEFT ALONE,0,0,1,4,23,3,Leg stump,Good Length,1,0,0,0,0,0,0,0
147,2,176,2,4,New Zealand,Ross Taylor,Shardul Thakur,,5,1,4,4,4,0,0,0,0,0,0,0,0,0,1,0,0,,,0,4.1,2,1,0,79525,42.00,-139.00,4,0,,41,INSWINGER,54,LEG GLANCE,0,0,2,4,27,3,Leg stump,Good Length,0,0,0,0,0,0,0,0
148,3,176,2,4,New Zealand,Ross Taylor,Shardul Thakur,,5,2,0,0,0,0,0,0,1,0,0,0,0,0,0,0,0,,,0,4.2,2,1,0,79526,29.00,124.00,0,0,,39,ANGLED IN,49,FORWARD DEFENCE,0,0,3,4,27,3,Off stump,Short of Good Length,0,0,0,0,0,0,0,0
149,4,176,2,4,New Zealand,Ross Taylor,Shardul Thakur,,5,3,1,1,1,1,0,0,0,0,0,0,0,0,0,0,0,,,0,4.3,2,1,0,79527,25.50,128.50,1,0,,32,YORKER,49,FORWARD DEFENCE,0,0,4,4,28,3,Middle stump,Yorker,0,0,0,0,0,0,0,0
150,5,176,2,4,New Zealand,Tim Seifert,Shardul Thakur,,5,4,0,0,0,0,0,0,1,0,0,0,0,0,0,0,0,,,0,4.4,2,1,0,79528,-74.50,37.00,0,0,,38,STRAIGHT BALL,97,BACKFOOT PUSH,0,0,5,4,28,3,Outside Off stump,Short of Good Length,0,0,0,0,0,0,0,0
151,6,176,2,4,New Zealand,Tim Seifert,Shardul Thakur,,5,5,4,4,4,0,0,0,0,0,0,0,0,0,1,0,0,,,0,4.5,2,1,0,79529,58.50,-138.50,4,0,,39,ANGLED IN,58,BACKFOOT PULL SHOT,0,0,6,4,32,3,Outside Off stump,Short Length,0,0,0,0,0,0,0,0
152,7,176,2,4,New Zealand,Tim Seifert,Shardul Thakur,,5,6,0,0,0,0,0,0,1,0,0,0,0,0,0,0,0,,,0,4.6,2,1,0,79530,56.50,20.00,0,0,,39,ANGLED IN,27,FORWARD PUSH,0,0,7,4,32,3,Off stump,Short of Good Length,0,0,0,0,0,0,0,0
153,1,176,2,4,New Zealand,Ross Taylor,Navdeep Saini,,6,1,0,0,0,0,0,0,1,0,0,0,0,0,0,0,0,,,0,5.1,2,1,0,79531,-35.50,29.00,0,0,,39,ANGLED IN,50,BACKFOOT DEFENCE,0,0,1,5,32,3,Off stump,Short of Good Length,1,0,0,0,0,0,0,0
154,2,176,2,4,New Zealand,Ross Taylor,Navdeep Saini,,6,2,0,0,0,0,0,0,1,0,0,0,0,0,0,0,0,,,0,5.2,2,1,0,79532,31.00,17.00,0,0,,39,ANGLED IN,40,FRONTFOOT FLICK,0,0,2,5,32,3,Off stump,Good Length,0,0,0,0,0,0,0,0
155,3,176,2,4,New Zealand,Ross Taylor,Navdeep Saini,,6,3,0,0,0,0,0,0,1,0,0,0,0,0,0,0,0,,,0,5.3,2,1,0,79533,31.00,17.00,0,0,,39,ANGLED IN,58,BACKFOOT PULL SHOT,0,0,3,5,32,3,Outside Off stump,Short of Good Length,0,0,0,0,0,0,0,0
156,4,176,2,4,New Zealand,Ross Taylor,Navdeep Saini,,6,4,4,4,4,0,0,0,0,0,0,0,0,0,1,0,0,,,0,5.4,2,1,0,79534,177.50,33.50,4,0,,39,ANGLED IN,40,FRONTFOOT FLICK,0,0,4,5,36,3,Off stump,Good Length,0,0,0,0,0,0,0,0
157,5,176,2,4,New Zealand,Ross Taylor,Navdeep Saini,,6,5,4,4,4,0,0,0,0,0,0,0,0,0,1,0,0,,,0,5.5,2,1,0,79535,170.00,-45.00,4,0,,39,ANGLED IN,40,FRONTFOOT FLICK,0,0,5,5,40,3,Leg stump,Good Length,0,0,0,0,0,0,0,0
158,6,176,2,4,New Zealand,Ross Taylor,Navdeep Saini,,6,6,1 (LB),1,0,0,0,0,1,1,0,0,0,1,0,0,0,,,0,5.6,2,1,1,79536,-57.00,-20.50,1,0,,39,ANGLED IN,58,BACKFOOT PULL SHOT,0,0,6,5,41,3,Off stump,Short of Good Length,0,0,0,0,0,0,0,0
159,1,176,2,4,New Zealand,Ross Taylor,Yuzvendra Chahal,,7,1,0,0,0,0,0,0,1,0,0,0,0,0,0,0,0,,,0,6.1,2,1,0,79537,-37.00,52.50,0,0,,24,LEG SPIN,40,FRONTFOOT FLICK,0,0,1,6,41,3,Leg stump,Good Length,1,0,0,0,0,0,0,0
160,2,176,2,4,New Zealand,Ross Taylor,Yuzvendra Chahal,,7,2,0,0,0,0,0,0,1,0,0,0,0,0,0,0,0,,,0,6.2,2,1,0,79538,-37.00,52.50,0,0,,24,LEG SPIN,97,BACKFOOT PUSH,0,0,2,6,41,3,Off stump,Short of Good Length,0,0,0,0,0,0,0,0
161,3,176,2,4,New Zealand,Ross Taylor,Yuzvendra Chahal,,7,3,1,1,1,1,0,0,0,0,0,0,0,0,0,0,0,,,0,6.3,2,1,0,79539,40.50,165.00,1,0,,24,LEG SPIN,47,FRONTFOOT ON DRIVE,0,0,3,6,42,3,Leg stump,Good Length,0,0,0,0,0,0,0,0
162,4,176,2,4,New Zealand,Tim Seifert,Yuzvendra Chahal,,7,4,1,1,1,1,0,0,0,0,0,0,0,0,0,0,0,,,0,6.4,2,1,0,79540,-61.50,150.00,1,0,,24,LEG SPIN,84,FRONTFOOT OFF DRIVE,0,0,4,6,43,3,Off stump,Good Length,0,0,0,0,0,0,0,0
163,5,176,2,4,New Zealand,Ross Taylor,Yuzvendra Chahal,,7,5,1,1,1,1,0,0,0,0,0,0,0,0,0,0,0,,,0,6.5,2,1,0,79541,-53.00,54.50,1,0,,24,LEG SPIN,51,FRONTFOOT COVERDRIVE,0,0,5,6,44,3,Outside Off stump,Good Length,0,0,0,0,0,0,0,0
164,6,176,2,4,New Zealand,Tim Seifert,Yuzvendra Chahal,,7,6,0,0,0,0,0,0,1,0,0,0,0,0,0,0,0,,,0,6.6,2,1,0,79542,-72.50,14.00,0,0,,28,GOOGLY,50,BACKFOOT DEFENCE,0,0,6,6,44,3,Outside Off stump,Good Length,0,0,0,0,0,0,0,0
165,1,176,2,4,New Zealand,Ross Taylor,Shardul Thakur,,8,1,1,1,1,1,0,0,0,0,0,0,0,0,0,0,0,,,0,7.1,2,1,0,79543,-67.50,-100.00,1,0,,39,ANGLED IN,44,GLIDE,0,0,1,7,45,3,Outside Off stump,Short of Good Length,1,0,0,0,0,0,0,0
166,2,176,2,4,New Zealand,Tim Seifert,Shardul Thakur,,8,2,1,1,1,1,0,0,0,0,0,0,0,0,0,0,0,,,0,7.2,2,1,0,79544,56.50,163.50,1,0,,39,ANGLED IN,101,BACKFOOT ON DRIVE,0,0,2,7,46,3,Off stump,Short of Good Length,0,0,0,0,0,0,0,0
167,3,176,2,4,New Zealand,Ross Taylor,Shardul Thakur,,8,3,1,1,1,1,0,0,0,0,0,0,0,0,0,0,0,,,0,7.3,2,1,0,79545,18.00,-23.50,1,0,,38,STRAIGHT BALL,58,BACKFOOT PULL SHOT,0,0,3,7,47,3,Outside Off stump,Short of Good Length,0,0,0,0,0,0,0,0
168,4,176,2,4,New Zealand,Tim Seifert,Shardul Thakur,,8,4,1,1,1,1,0,0,0,0,0,0,0,0,0,0,0,,,0,7.4,2,1,0,79546,-143.00,-13.00,1,0,,38,STRAIGHT BALL,36,CUT SHOT,0,0,4,7,48,3,Outside Off stump,Short of Good Length,0,0,0,0,0,0,0,0
169,5,176,2,4,New Zealand,Ross Taylor,Shardul Thakur,,8,5,1 (WD),1,0,0,0,0,0,1,1,0,0,0,0,0,0,,,0,7.5,2,1,1,79547,-143.00,-13.00,1,0,,47,SLOWER BALL,105,LEFT ALONE,0,0,5,7,49,3,Outside Off stump,Short Length,0,0,0,0,0,0,0,0
170,6,176,2,4,New Zealand,Ross Taylor,Shardul Thakur,,8,5,4,4,4,0,0,0,0,0,0,0,0,0,1,0,0,,,0,7.5,2,1,0,79548,186.00,79.50,4,0,,38,STRAIGHT BALL,46,FRONTFOOT PULL SHOT,0,0,6,7,53,3,Outside Off stump,Short of Good Length,0,1,1,0,1,0,0,0
171,7,176,2,4,New Zealand,Ross Taylor,Shardul Thakur,,8,6,2,2,2,0,1,0,0,0,0,0,0,0,0,0,0,,,0,7.6,2,1,0,79549,163.00,29.50,2,0,,39,ANGLED IN,18,SLOG SHOT,0,0,7,7,55,3,Outside Off stump,Good Length,0,0,1,0,0,0,0,0
172,1,176,2,4,New Zealand,Tim Seifert,Yuzvendra Chahal,,9,1,2,2,2,0,1,0,0,0,0,0,0,0,0,0,0,,,0,8.1,2,1,0,79550,147.00,21.50,2,0,,24,LEG SPIN,55,SWEEP SHOT,0,0,1,8,57,3,Off stump,Good Length,1,0,1,0,0,0,0,0
173,2,176,2,4,New Zealand,Tim Seifert,Yuzvendra Chahal,,9,2,0,0,0,0,0,0,1,0,0,0,0,0,0,0,0,,,0,8.2,2,1,0,79551,147.00,21.50,0,0,,24,LEG SPIN,49,FORWARD DEFENCE,0,0,2,8,57,3,Off stump,Good Length,0,0,1,0,0,0,0,0
174,3,176,2,4,New Zealand,Tim Seifert,Yuzvendra Chahal,,9,3,4,4,4,0,0,0,0,0,0,0,0,0,1,0,0,,,0,8.3,2,1,0,79552,190.50,2.50,4,0,,24,LEG SPIN,55,SWEEP SHOT,0,0,3,8,61,3,Middle stump,Good Length,0,0,1,0,0,0,0,0
175,4,176,2,4,New Zealand,Tim Seifert,Yuzvendra Chahal,,9,4,1,1,1,1,0,0,0,0,0,0,0,0,0,0,0,,,0,8.4,2,1,0,79553,-160.50,51.00,1,0,,24,LEG SPIN,52,BACKFOOT COVERDRIVE,0,0,4,8,62,3,Outside Off stump,Short of Good Length,0,0,1,0,0,0,0,0
176,5,176,2,4,New Zealand,Ross Taylor,Yuzvendra Chahal,,9,5,1,1,1,1,0,0,0,0,0,0,0,0,0,0,0,,,0,8.5,2,1,0,79554,-147.00,14.50,1,0,,24,LEG SPIN,36,CUT SHOT,0,0,5,8,63,3,Outside Off stump,Short of Good Length,0,0,1,0,0,0,0,0
177,6,176,2,4,New Zealand,Tim Seifert,Yuzvendra Chahal,,9,6,1,1,1,1,0,0,0,0,0,0,0,0,0,0,0,,,0,8.6,2,1,0,79555,-150.50,31.50,1,0,,24,LEG SPIN,36,CUT SHOT,0,0,6,8,64,3,Outside Off stump,Short of Good Length,0,0,1,0,0,0,0,0
178,1,176,2,4,New Zealand,Tim Seifert,Shivam Dube,,10,1,6,6,6,0,0,0,0,0,0,0,0,0,0,1,0,,,0,9.1,2,1,0,79556,178.50,95.00,6,0,,39,ANGLED IN,70,STEP DOWN PULL SHOT,0,0,1,9,70,3,Outside Off stump,Short of Good Length,1,0,1,0,0,0,0,0
179,2,176,2,4,New Zealand,Tim Seifert,Shivam Dube,,10,2,6,6,6,0,0,0,0,0,0,0,0,0,0,1,0,,,0,9.2,2,1,0,79557,186.00,-19.00,6,0,,39,ANGLED IN,58,BACKFOOT PULL SHOT,0,0,2,9,76,3,Outside Off stump,Short of Good Length,0,0,1,0,0,0,0,0
180,3,176,2,4,New Zealand,Tim Seifert,Shivam Dube,,10,3,4,4,4,0,0,0,0,0,0,0,0,0,1,0,0,,,0,9.3,2,1,0,79558,35.00,-142.00,4,0,,39,ANGLED IN,99,SCOOP,0,0,3,9,80,3,Outside Off stump,Good Length,0,0,1,0,0,0,0,0
181,4,176,2,4,New Zealand,Tim Seifert,Shivam Dube,,10,4,1,1,1,1,0,0,0,0,0,0,0,0,0,0,0,,,0,9.4,2,1,0,79559,-135.00,-24.00,1,0,,38,STRAIGHT BALL,36,CUT SHOT,0,0,4,9,81,3,Outside Off stump,Short of Good Length,0,0,1,0,0,0,0,0
182,5,176,2,4,New Zealand,Ross Taylor,Shivam Dube,,10,5,5 (NB),5,4,0,0,0,0,1,0,1,0,0,1,0,0,,,0,9.5,2,1,1,79560,178.50,-16.50,5,0,,39,ANGLED IN,40,FRONTFOOT FLICK,0,0,5,9,86,3,Outside Off stump,Good Length,0,0,1,0,0,0,0,0
183,6,176,2,4,New Zealand,Ross Taylor,Shivam Dube,,10,5,6,6,6,0,0,0,0,0,0,0,0,0,0,1,0,,,0,9.5,2,1,0,79561,191.50,28.50,6,0,,38,STRAIGHT BALL,11,LOFTED ON DRIVE,0,0,6,9,92,3,Outside Off stump,Good Length,0,0,1,0,0,0,0,0
184,7,176,2,4,New Zealand,Ross Taylor,Shivam Dube,,10,6,6,6,6,0,0,0,0,0,0,0,0,0,0,1,0,,,0,9.6,2,1,0,79562,178.50,-19.50,6,0,,39,ANGLED IN,58,BACKFOOT PULL SHOT,0,0,7,9,98,3,Outside Off stump,Short of Good Length,0,0,1,0,0,0,0,0
185,1,176,2,4,New Zealand,Tim Seifert,Yuzvendra Chahal,,11,1,1,1,1,1,0,0,0,0,0,0,0,0,0,0,0,,,0,10.1,2,1,0,79563,39.00,147.50,1,0,,24,LEG SPIN,27,FORWARD PUSH,0,0,1,10,99,3,Leg stump,Good Length,1,0,1,0,0,0,0,0
186,2,176,2,4,New Zealand,Ross Taylor,Yuzvendra Chahal,,11,2,0,0,0,0,0,0,1,0,0,0,0,0,0,0,0,,,0,10.2,2,1,0,79564,-57.50,38.50,0,0,,24,LEG SPIN,51,FRONTFOOT COVERDRIVE,0,0,2,10,99,3,Outside Off stump,Full Length,0,0,1,0,0,0,0,0
187,3,176,2,4,New Zealand,Ross Taylor,Yuzvendra Chahal,,11,3,1,1,1,1,0,0,0,0,0,0,0,0,0,0,0,,,0,10.3,2,1,0,79565,104.50,-33.00,1,0,,24,LEG SPIN,40,FRONTFOOT FLICK,0,0,3,10,100,3,Leg stump,Good Length,0,1,2,0,0,1,0,0
188,4,176,2,4,New Zealand,Tim Seifert,Yuzvendra Chahal,,11,4,6,6,6,0,0,0,0,0,0,0,0,0,0,1,0,,,0,10.4,2,1,0,79566,-126.50,165.00,6,0,,24,LEG SPIN,5,LOFTED OFF DRIVE,0,0,4,10,106,3,Outside Off stump,Good Length,0,0,2,0,0,0,0,0
189,5,176,2,4,New Zealand,Tim Seifert,Yuzvendra Chahal,,11,5,1,1,1,1,0,0,0,0,0,0,0,0,0,0,0,,,0,10.5,2,1,0,79567,-43.00,-43.00,1,0,,24,LEG SPIN,44,GLIDE,0,0,5,10,107,3,Outside Off stump,Short of Good Length,0,0,2,0,0,0,0,0
190,6,176,2,4,New Zealand,Ross Taylor,Yuzvendra Chahal,,11,6,0,0,0,0,0,0,1,0,0,0,0,0,0,0,0,,,0,10.6,2,1,0,79568,-13.50,48.00,0,0,,24,LEG SPIN,49,FORWARD DEFENCE,0,0,6,10,107,3,Outside Off stump,Good Length,0,0,2,0,0,0,0,0
191,1,176,2,4,New Zealand,Tim Seifert,Jasprit Bumrah,,12,1,1,1,1,1,0,0,0,0,0,0,0,0,0,0,0,,,0,11.1,2,1,0,79569,91.50,14.00,1,0,,39,ANGLED IN,40,FRONTFOOT FLICK,0,0,1,11,108,3,Outside Off stump,Short of Good Length,1,0,2,0,0,0,0,0
192,2,176,2,4,New Zealand,Ross Taylor,Jasprit Bumrah,,12,2,0,0,0,0,0,0,1,0,0,0,0,0,0,0,0,,,0,11.2,2,1,0,79570,-12.00,60.00,0,0,,39,ANGLED IN,49,FORWARD DEFENCE,0,0,2,11,108,3,Outside Off stump,Short of Good Length,0,0,2,0,0,0,0,0
193,3,176,2,4,New Zealand,Ross Taylor,Jasprit Bumrah,,12,3,0,0,0,0,0,0,1,0,0,0,0,0,0,0,0,,,0,11.3,2,1,0,79571,-11.00,39.50,0,0,,39,ANGLED IN,49,FORWARD DEFENCE,0,0,3,11,108,3,Outside Off stump,Good Length,0,0,2,0,0,0,0,0
194,4,176,2,4,New Zealand,Ross Taylor,Jasprit Bumrah,,12,4,1,1,1,1,0,0,0,0,0,0,0,0,0,0,0,,,0,11.4,2,1,0,79572,45.50,4.50,1,0,,39,ANGLED IN,50,BACKFOOT DEFENCE,0,0,4,11,109,3,Outside Off stump,Short of Good Length,0,0,2,0,0,0,0,0
195,5,176,2,4,New Zealand,Tim Seifert,Jasprit Bumrah,,12,5,4,4,4,0,0,0,0,0,0,0,0,0,1,0,0,,,0,11.5,2,1,0,79573,176.00,98.50,4,0,,39,ANGLED IN,58,BACKFOOT PULL SHOT,0,0,5,11,113,3,Outside Off stump,Short of Good Length,0,0,2,0,0,0,0,0
196,6,176,2,4,New Zealand,Tim Seifert,Jasprit Bumrah,,12,6,0,0,0,0,0,0,1,0,0,0,0,0,0,0,0,,,0,11.6,2,1,0,79574,2.00,69.50,0,0,,39,ANGLED IN,50,BACKFOOT DEFENCE,0,0,6,11,113,3,Outside Off stump,Short of Good Length,0,0,2,0,0,0,0,0
197,1,176,2,4,New Zealand,Ross Taylor,Navdeep Saini,,13,1,1,1,1,1,0,0,0,0,0,0,0,0,0,0,0,,,0,12.1,2,1,0,79575,29.50,-4.50,1,0,,39,ANGLED IN,50,BACKFOOT DEFENCE,0,0,1,12,114,3,Outside Off stump,Short of Good Length,1,0,2,0,0,0,0,0
198,2,176,2,4,New Zealand,Tim Seifert,Navdeep Saini,,13,2,1,1,1,1,0,0,0,0,0,0,0,0,0,0,0,,,0,12.2,2,1,0,79576,-141.50,-24.50,1,0,,39,ANGLED IN,59,FRONTFOOT SQUARE DRIVE,0,0,2,12,115,3,Outside Off stump,Good Length,0,0,2,0,0,0,0,0
199,3,176,2,4,New Zealand,Ross Taylor,Navdeep Saini,,13,3,1,1,1,1,0,0,0,0,0,0,0,0,0,0,0,,,0,12.3,2,1,0,79577,48.50,171.00,1,0,,39,ANGLED IN,47,FRONTFOOT ON DRIVE,0,0,3,12,116,3,Off stump,Full Toss,0,0,2,0,0,0,0,0
200,4,176,2,4,New Zealand,Tim Seifert,Navdeep Saini,,13,4,0 WK,W,0,0,0,0,1,0,0,0,0,0,0,0,1,Caught,WICKET,1,12.4,2,1,0,79578,35.00,18.50,0,0,,39,ANGLED IN,40,FRONTFOOT FLICK,0,0,4,12,116,4,Leg stump,Short of Good Length,1,0,2,0,0,0,0,0
201,5,176,2,4,New Zealand,Daryl Mitchell,Navdeep Saini,,13,5,0,0,0,0,0,0,1,0,0,0,0,0,0,0,0,,,0,12.5,2,1,0,79579,35.00,18.50,0,0,,39,ANGLED IN,105,LEFT ALONE,0,0,5,12,116,4,Outside Off stump,Short Length,2,0,2,0,0,0,0,0
202,6,176,2,4,New Zealand,Daryl Mitchell,Navdeep Saini,,13,6,0,0,0,0,0,0,1,0,0,0,0,0,0,0,0,,,0,12.6,2,1,0,79580,-52.00,-20.00,0,0,,39,ANGLED IN,50,BACKFOOT DEFENCE,0,0,6,12,116,4,Off stump,Short Length,0,0,2,0,0,0,0,0
203,1,176,2,4,New Zealand,Ross Taylor,Jasprit Bumrah,,14,1,0,0,0,0,0,0,1,0,0,0,0,0,0,0,0,,,0,13.1,2,1,0,79581,-70.00,11.00,0,0,,39,ANGLED IN,49,FORWARD DEFENCE,0,0,1,13,116,4,Outside Off stump,Good Length,1,0,2,0,0,0,0,0
204,2,176,2,4,New Zealand,Ross Taylor,Jasprit Bumrah,,14,2,0,0,0,0,0,0,1,0,0,0,0,0,0,0,0,,,0,13.2,2,1,0,79582,40.50,21.00,0,0,,39,ANGLED IN,49,FORWARD DEFENCE,0,0,2,13,116,4,Off stump,Good Length,0,0,2,0,0,0,0,0
205,3,176,2,4,New Zealand,Ross Taylor,Jasprit Bumrah,,14,3,0,0,0,0,0,0,1,0,0,0,0,0,0,0,0,,,0,13.3,2,1,0,79583,49.50,20.00,0,0,,39,ANGLED IN,40,FRONTFOOT FLICK,0,0,3,13,116,4,Off stump,Good Length,0,0,2,0,0,0,0,0
206,4,176,2,4,New Zealand,Ross Taylor,Jasprit Bumrah,,14,4,1,1,1,1,0,0,0,0,0,0,0,0,0,0,0,,,0,13.4,2,1,0,79584,-52.50,32.00,1,0,,39,ANGLED IN,51,FRONTFOOT COVERDRIVE,0,0,4,13,117,4,Outside Off stump,Full Length,0,0,2,0,0,0,0,0
207,5,176,2,4,New Zealand,Daryl Mitchell,Jasprit Bumrah,,14,5,2,2,2,0,1,0,0,0,0,0,0,0,0,0,0,,,0,13.5,2,1,0,79585,151.50,24.00,2,0,,39,ANGLED IN,40,FRONTFOOT FLICK,0,0,5,13,119,4,Off stump,Good Length,0,0,2,0,0,0,0,0
208,6,176,2,4,New Zealand,Daryl Mitchell,Jasprit Bumrah,,14,6,0 WK,W,0,0,0,0,1,0,0,0,0,0,0,0,1,Bowled,WICKET,1,13.6,2,1,0,79586,151.50,24.00,0,0,,32,YORKER,49,FORWARD DEFENCE,0,0,6,13,119,5,Off stump,Yorker,1,0,2,0,0,0,0,0
209,1,176,2,4,New Zealand,Ross Taylor,Washington Sundar,,15,1,0,0,0,0,0,0,1,0,0,0,0,0,0,0,0,,,0,14.1,2,1,0,79587,-70.00,-21.00,0,0,,25,OFF SPIN,36,CUT SHOT,0,0,1,14,119,5,Outside Off stump,Good Length,2,0,2,0,0,0,0,0
210,2,176,2,4,New Zealand,Ross Taylor,Washington Sundar,,15,2,0,0,0,0,0,0,1,0,0,0,0,0,0,0,0,,,0,14.2,2,1,0,79588,-73.50,-22.00,0,0,,25,OFF SPIN,36,CUT SHOT,0,0,2,14,119,5,Outside Off stump,Good Length,0,0,2,0,0,0,0,0
211,3,176,2,4,New Zealand,Ross Taylor,Washington Sundar,,15,3,1,1,1,1,0,0,0,0,0,0,0,0,0,0,0,,,0,14.3,2,1,0,79589,124.50,-49.00,1,0,,25,OFF SPIN,40,FRONTFOOT FLICK,0,0,3,14,120,5,Off stump,Short of Good Length,0,0,2,0,0,0,0,0
212,4,176,2,4,New Zealand,Mitchell Santner,Washington Sundar,,15,4,0,0,0,0,0,0,1,0,0,0,0,0,0,0,0,,,0,14.4,2,1,0,79590,-15.50,68.50,0,0,,25,OFF SPIN,97,BACKFOOT PUSH,0,0,4,14,120,5,Outside Off stump,Good Length,0,0,2,0,0,0,0,0
213,5,176,2,4,New Zealand,Mitchell Santner,Washington Sundar,,15,5,1,1,1,1,0,0,0,0,0,0,0,0,0,0,0,,,0,14.5,2,1,0,79591,135.50,105.50,1,0,,25,OFF SPIN,51,FRONTFOOT COVERDRIVE,0,0,5,14,121,5,Outside Off stump,Good Length,0,0,2,0,0,0,0,0
214,6,176,2,4,New Zealand,Ross Taylor,Washington Sundar,,15,6,1,1,1,1,0,0,0,0,0,0,0,0,0,0,0,,,0,14.6,2,1,0,79592,-73.50,-25.50,1,0,,25,OFF SPIN,36,CUT SHOT,0,0,6,14,122,5,Outside Off stump,Short of Good Length,0,0,2,0,0,0,0,0
215,1,176,2,4,New Zealand,Ross Taylor,Yuzvendra Chahal,,16,1,1,1,1,1,0,0,0,0,0,0,0,0,0,0,0,,,0,15.1,2,1,0,79593,-35.50,-50.50,1,0,,24,LEG SPIN,51,FRONTFOOT COVERDRIVE,0,0,1,15,123,5,Outside Off stump,Good Length,1,0,2,0,0,0,0,0
216,2,176,2,4,New Zealand,Mitchell Santner,Yuzvendra Chahal,,16,2,1,1,1,1,0,0,0,0,0,0,0,0,0,0,0,,,0,15.2,2,1,0,79594,65.50,147.50,1,0,,26,FLIPPER,21,STEP DOWN OFF DRIVE,0,0,2,15,124,5,Outside Off stump,Good Length,0,0,2,0,0,0,0,0
217,3,176,2,4,New Zealand,Ross Taylor,Yuzvendra Chahal,,16,3,1,1,1,1,0,0,0,0,0,0,0,0,0,0,0,,,0,15.3,2,1,0,79595,-63.50,-21.00,1,0,,24,LEG SPIN,36,CUT SHOT,0,0,3,15,125,5,Outside Off stump,Short of Good Length,0,0,2,0,0,0,0,0
218,4,176,2,4,New Zealand,Mitchell Santner,Yuzvendra Chahal,,16,4,2,2,2,0,1,0,0,0,0,0,0,0,0,0,0,,,0,15.4,2,1,0,79596,93.50,145.50,2,0,,24,LEG SPIN,84,FRONTFOOT OFF DRIVE,0,0,4,15,127,5,,Good Length,0,0,2,0,0,0,0,0
219,5,176,2,4,New Zealand,Mitchell Santner,Yuzvendra Chahal,,16,5,1,1,1,1,0,0,0,0,0,0,0,0,0,0,0,,,0,15.5,2,1,0,79597,-88.50,138.50,1,0,,24,LEG SPIN,74,STEP DOWN ON DRIVE,0,0,5,15,128,5,Leg stump,Good Length,0,0,2,0,0,0,0,0
220,6,176,2,4,New Zealand,Ross Taylor,Yuzvendra Chahal,,16,6,1 (WD),1,0,0,0,0,0,1,1,0,0,0,0,0,0,,,0,15.6,2,1,1,79598,-88.50,138.50,1,0,,24,LEG SPIN,105,LEFT ALONE,0,0,6,15,129,5,Wide outside Off stump,Short of Good Length,0,0,2,0,0,0,0,0
221,7,176,2,4,New Zealand,Ross Taylor,Yuzvendra Chahal,,16,6,0,0,0,0,0,0,1,0,0,0,0,0,0,0,0,,,0,15.6,2,1,0,79599,-88.50,138.50,0,0,,24,LEG SPIN,95,SLOG SWEEP,0,0,7,15,129,5,Outside Off stump,Good Length,0,0,2,0,0,0,0,0
222,1,176,2,4,New Zealand,Mitchell Santner,Shardul Thakur,,17,1,1,1,1,1,0,0,0,0,0,0,0,0,0,0,0,,,0,16.1,2,1,0,79600,-147.50,12.00,1,0,,30,ANGLED ACROSS,58,BACKFOOT PULL SHOT,0,0,1,16,130,5,Off stump,Short Length,1,0,2,0,0,0,0,0
223,2,176,2,4,New Zealand,Ross Taylor,Shardul Thakur,,17,2,1,1,1,1,0,0,0,0,0,0,0,0,0,0,0,,,0,16.2,2,1,0,79601,130.00,13.50,1,0,,47,SLOWER BALL,40,FRONTFOOT FLICK,0,0,2,16,131,5,Off stump,Good Length,0,0,2,0,0,0,0,0
224,3,176,2,4,New Zealand,Mitchell Santner,Shardul Thakur,,17,3,0 WK,W,0,0,0,0,1,0,0,0,0,0,0,0,1,Caught,WICKET,1,16.3,2,1,0,79602,-4.00,193.50,0,0,,8,OFF CUTTER,13,LOFTED STRAIGHT,0,0,3,16,131,6,Outside Off stump,Good Length,1,0,2,0,0,0,0,0
225,4,176,2,4,New Zealand,Ross Taylor,Shardul Thakur,,17,4,1,1,1,1,0,0,0,0,0,0,0,0,0,0,0,,,0,16.4,2,1,0,79603,-71.50,69.00,1,0,,39,ANGLED IN,50,BACKFOOT DEFENCE,0,0,4,16,132,6,Outside Off stump,Short Length,2,0,2,0,0,0,0,0
226,5,176,2,4,New Zealand,Scott Kuggeleijn,Shardul Thakur,,17,5,0 WK,W,0,0,0,0,1,0,0,0,0,0,0,0,1,Caught,WICKET,1,16.5,2,1,0,79604,143.00,-17.00,0,0,,39,ANGLED IN,58,BACKFOOT PULL SHOT,0,0,5,16,132,7,Outside Off stump,Short Length,3,0,2,0,0,0,0,0
227,6,176,2,4,New Zealand,Ross Taylor,Shardul Thakur,,17,6,1,1,1,1,0,0,0,0,0,0,0,0,0,0,0,,,0,16.6,2,1,0,79605,-30.50,-52.00,1,0,,47,SLOWER BALL,44,GLIDE,0,0,6,16,133,7,Outside Off stump,Good Length,4,0,2,0,0,0,0,0
228,1,176,2,4,New Zealand,Ross Taylor,Navdeep Saini,,18,1,0 WK,W,0,0,0,0,1,0,0,0,0,0,0,0,1,Caught,WICKET,1,17.1,2,1,0,79606,-30.50,-52.00,0,0,,38,STRAIGHT BALL,36,CUT SHOT,0,0,1,17,133,8,Outside Off stump,Good Length,5,0,2,0,0,0,0,0
229,2,176,2,4,New Zealand,Ish Sodhi,Navdeep Saini,,18,2,1,1,1,1,0,0,0,0,0,0,0,0,0,0,0,,,0,17.2,2,1,0,79607,-35.00,117.50,1,0,,32,YORKER,40,FRONTFOOT FLICK,0,0,2,17,134,8,Off stump,Full Length,6,0,2,0,0,0,0,0
230,3,176,2,4,New Zealand,Tim Southee,Navdeep Saini,,18,3,0,0,0,0,0,0,1,0,0,0,0,0,0,0,0,,,0,17.3,2,1,0,79608,-35.00,117.50,0,0,,39,ANGLED IN,18,SLOG SHOT,0,0,3,17,134,8,Outside Off stump,Good Length,0,0,2,0,0,0,0,0
231,4,176,2,4,New Zealand,Tim Southee,Navdeep Saini,,18,4,0,0,0,0,0,0,1,0,0,0,0,0,0,0,0,,,0,17.4,2,1,0,79609,-30.00,6.50,0,0,,39,ANGLED IN,95,SLOG SWEEP,0,0,4,17,134,8,Off stump,Full Toss,0,0,2,0,0,0,0,0
232,5,176,2,4,New Zealand,Tim Southee,Navdeep Saini,,18,5,2,2,2,0,1,0,0,0,0,0,0,0,0,0,0,,,0,17.5,2,1,0,79610,99.50,135.50,2,0,,39,ANGLED IN,58,BACKFOOT PULL SHOT,0,0,5,17,136,8,Outside Off stump,Short Length,0,0,2,0,0,0,0,0
233,6,176,2,4,New Zealand,Tim Southee,Navdeep Saini,,18,6,4,4,4,0,0,0,0,0,0,0,0,0,1,0,0,,,0,17.6,2,1,0,79611,-72.00,201.50,4,0,,39,ANGLED IN,5,LOFTED OFF DRIVE,0,0,6,17,140,8,Outside Off stump,Good Length,0,0,2,0,0,0,0,0
234,1,176,2,4,New Zealand,Ish Sodhi,Jasprit Bumrah,,19,1,1,1,1,1,0,0,0,0,0,0,0,0,0,0,0,,,0,18.1,2,1,0,79612,-23.00,-5.00,1,0,,39,ANGLED IN,47,FRONTFOOT ON DRIVE,0,0,1,18,141,8,Leg stump,Good Length,1,0,2,0,0,0,0,0
235,2,176,2,4,New Zealand,Tim Southee,Jasprit Bumrah,,19,2,0 WK,W,0,0,0,0,1,0,0,0,0,0,0,0,1,Bowled,WICKET,1,18.2,2,1,0,79613,-23.00,-5.00,0,0,,32,YORKER,84,FRONTFOOT OFF DRIVE,0,0,2,18,141,9,Leg stump,Yorker,2,0,2,0,0,0,0,0
236,3,176,2,4,New Zealand,Hamish Bennett,Jasprit Bumrah,,19,3,1,1,1,1,0,0,0,0,0,0,0,0,0,0,0,,,0,18.3,2,1,0,79614,39.50,9.50,1,0,,30,ANGLED ACROSS,49,FORWARD DEFENCE,0,0,3,18,142,9,Off stump,Full Length,3,0,2,0,0,0,0,0
237,4,176,2,4,New Zealand,Ish Sodhi,Jasprit Bumrah,,19,4,0,0,0,0,0,0,1,0,0,0,0,0,0,0,0,,,0,18.4,2,1,0,79615,39.50,9.50,0,0,,39,ANGLED IN,36,CUT SHOT,0,0,4,18,142,9,Off stump,Short of Good Length,0,0,2,0,0,0,0,0
238,5,176,2,4,New Zealand,Ish Sodhi,Jasprit Bumrah,,19,5,1,1,1,1,0,0,0,0,0,0,0,0,0,0,0,,,0,18.5,2,1,0,79616,-72.00,-20.00,1,0,,32,YORKER,49,FORWARD DEFENCE,0,0,5,18,143,9,Leg stump,Yorker,0,0,2,0,0,0,0,0
239,6,176,2,4,New Zealand,Hamish Bennett,Jasprit Bumrah,,19,6,0,0,0,0,0,0,1,0,0,0,0,0,0,0,0,,,0,18.6,2,1,0,79617,9.50,67.50,0,0,,39,ANGLED IN,49,FORWARD DEFENCE,0,0,6,18,143,9,Off stump,Good Length,0,0,2,0,0,0,0,0
240,1,176,2,4,New Zealand,Ish Sodhi,Shardul Thakur,,20,1,0,0,0,0,0,0,1,0,0,0,0,0,0,0,0,,,0,19.1,2,1,0,79618,9.50,67.50,0,0,,47,SLOWER BALL,18,SLOG SHOT,0,0,1,19,143,9,Outside Off stump,Good Length,1,0,2,0,0,0,0,0
241,2,176,2,4,New Zealand,Ish Sodhi,Shardul Thakur,,20,2,6,6,6,0,0,0,0,0,0,0,0,0,0,1,0,,,0,19.2,2,1,0,79619,181.50,75.50,6,0,,38,STRAIGHT BALL,58,BACKFOOT PULL SHOT,0,0,2,19,149,9,Outside Off stump,Short of Good Length,0,0,2,0,0,0,0,0
242,3,176,2,4,New Zealand,Ish Sodhi,Shardul Thakur,,20,3,0,0,0,0,0,0,1,0,0,0,0,0,0,0,0,,,0,19.3,2,1,0,79620,181.50,75.50,0,0,,32,YORKER,18,SLOG SHOT,0,0,3,19,149,9,Outside Off stump,Yorker,0,0,2,0,0,0,0,0
243,4,176,2,4,New Zealand,Ish Sodhi,Shardul Thakur,,20,4,6,6,6,0,0,0,0,0,0,0,0,0,0,1,0,,,0,19.4,2,1,0,79621,175.50,-35.50,6,0,,38,STRAIGHT BALL,58,BACKFOOT PULL SHOT,0,0,4,19,155,9,Outside Off stump,Short Length,0,1,3,0,0,0,0,0
244,5,176,2,4,New Zealand,Ish Sodhi,Shardul Thakur,,20,5,0,0,0,0,0,0,1,0,0,0,0,0,0,0,0,,,0,19.5,2,1,0,79622,175.50,-35.50,0,0,,38,STRAIGHT BALL,18,SLOG SHOT,0,0,5,19,155,9,Outside Off stump,Good Length,0,0,3,0,0,0,0,0
245,6,176,2,4,New Zealand,Ish Sodhi,Shardul Thakur,,20,6,1,1,1,1,0,0,0,0,0,0,0,0,0,0,0,,,0,19.6,2,1,0,79623,-66.50,-113.50,1,0,,39,ANGLED IN,18,SLOG SHOT,0,0,6,19,156,9,Outside Off stump,Full Length,0,0,3,0,0,0,0,0
